player_id,player_name,team,position,age,matches_played,pes_baseline,pes_adjusted,confidence,injury_risk,estimated_energy
Brazil_0,Player_0,Brazil,GK,31,29,100.0,100.0,0.72,0.473,90.9
Brazil_1,Player_1,Brazil,CB,31,32,96.23475889155753,96.69707468103121,0.72,0.243,82.9
Brazil_2,Player_2,Brazil,LB,23,25,96.17538119191903,94.12106540244534,0.72,0.331,81.7
Brazil_3,Player_3,Brazil,RB,19,24,97.50613004863924,95.7648668907445,0.72,0.567,83.8
Brazil_4,Player_4,Brazil,CB,28,32,97.74735335410537,97.24166914357906,0.72,0.269,85.2
Brazil_5,Player_5,Brazil,CM,24,36,100.0,99.6181052631579,0.72,0.203,85.3
Brazil_6,Player_6,Brazil,LM,22,20,96.68409074857523,93.97903811699628,0.72,0.318,78.1
Brazil_7,Player_7,Brazil,RM,19,29,100.0,99.42947368421052,0.72,0.185,82.4
Brazil_8,Player_8,Brazil,AM,25,30,100.0,97.57642105263157,0.72,0.194,80.9
Brazil_9,Player_9,Brazil,ST,25,33,94.5863531547889,92.12761631268363,0.72,0.138,82.0
Brazil_10,Player_10,Brazil,LW,31,27,97.66629736759286,94.30987631496129,0.72,0.371,81.1
Brazil_11,Player_11,Brazil,RW,36,8,100.0,97.60757894736842,0.58,0.413,79.8
Brazil_12,Player_12,Brazil,FW,31,18,94.25038182437055,92.3514344559495,0.58,0.25,77.9
Brazil_13,Player_13,Brazil,ST,21,10,97.99728021542691,93.75075389963743,0.58,0.327,74.4
Brazil_14,Player_14,Brazil,LW,31,19,100.0,98.16,0.58,0.6,82.4
Brazil_15,Player_15,Brazil,RW,31,8,100.0,100.0,0.58,0.143,84.2
Brazil_16,Player_16,Brazil,FW,25,17,97.66949092780584,94.19959619096373,0.58,0.219,78.0
Brazil_17,Player_17,Brazil,ST,19,16,100.0,99.42715789473684,0.58,0.027,83.2
Brazil_18,Player_18,Brazil,LW,30,17,98.28565889272328,98.13976415588117,0.58,0.306,85.6
Brazil_19,Player_19,Brazil,RW,24,7,97.77730807349454,95.23793965244191,0.58,0.254,78.0
Brazil_20,Player_20,Brazil,FW,22,10,99.2600320211983,94.60550570540883,0.58,0.353,77.6
Brazil_21,Player_21,Brazil,ST,30,15,100.0,97.5922105263158,0.58,0.094,79.3
Brazil_22,Player_22,Brazil,LW,26,17,98.81230649599466,100.0,0.58,0.083,90.8
Argentina_0,Player_0,Argentina,GK,20,16,100.0,96.57915789473684,0.72,0.518,78.6
Argentina_1,Player_1,Argentina,CB,32,26,98.52133428289319,98.23796586184056,0.72,0.367,83.2
Argentina_2,Player_2,Argentina,LB,31,29,87.76666666666667,85.22414035087719,0.72,0.244,78.3
Argentina_3,Player_3,Argentina,RB,23,29,100.0,99.93347368421053,0.72,0.182,81.9
Argentina_4,Player_4,Argentina,CB,19,31,100.0,95.86736842105263,0.72,0.63,79.2
Argentina_5,Player_5,Argentina,CM,31,27,97.37772759499454,94.80930654236296,0.72,0.255,79.5
Argentina_6,Player_6,Argentina,LM,36,18,100.0,98.52105263157895,0.72,0.125,80.8
Argentina_7,Player_7,Argentina,RM,23,30,96.86583496636017,96.23825601899175,0.72,0.047,84.6
Argentina_8,Player_8,Argentina,AM,22,36,100.0,100.0,0.72,0.067,89.0
Argentina_9,Player_9,Argentina,ST,34,25,100.0,99.88968421052631,0.72,0.143,84.2
Argentina_10,Player_10,Argentina,LW,26,21,97.89915834186098,98.66505307870308,0.72,0.174,85.5
Argentina_11,Player_11,Argentina,RW,21,16,96.19986757747536,93.81102547221221,0.58,0.159,81.9
Argentina_12,Player_12,Argentina,FW,20,8,100.0,92.64357894736843,0.58,0.516,71.4
Argentina_13,Player_13,Argentina,ST,33,19,98.49055996035823,91.54255996035823,0.58,0.331,68.0
Argentina_14,Player_14,Argentina,LW,33,7,100.0,96.98863157894736,0.58,0.383,76.3
Argentina_15,Player_15,Argentina,RW,36,15,99.02860898547779,93.45681951179358,0.58,0.467,76.5
Argentina_16,Player_16,Argentina,FW,19,14,100.0,100.0,0.58,0.109,83.7
Argentina_17,Player_17,Argentina,ST,27,16,100.0,96.91115789473685,0.58,0.279,79.9
Argentina_18,Player_18,Argentina,LW,30,13,100.0,97.43831578947368,0.58,0.231,81.8
Argentina_19,Player_19,Argentina,RW,23,9,98.71545427993638,98.54198059572586,0.58,0.368,85.6
Argentina_20,Player_20,Argentina,FW,29,18,95.49666666666667,98.08571929824562,0.58,0.149,89.4
Argentina_21,Player_21,Argentina,ST,28,11,96.30104254021852,91.48146359285009,0.58,0.411,75.0
Argentina_22,Player_22,Argentina,LW,31,16,97.85457650067688,98.96173439541373,0.58,0.492,86.6
Uruguay_0,Player_0,Uruguay,GK,21,37,100.0,100.0,0.72,0.434,86.5
Uruguay_1,Player_1,Uruguay,CB,26,17,98.21651956300727,97.51862482616517,0.72,0.535,85.3
Uruguay_2,Player_2,Uruguay,LB,32,21,100.0,97.0498947368421,0.72,0.231,78.8
Uruguay_3,Player_3,Uruguay,RB,22,15,100.0,96.42421052631579,0.72,0.335,78.0
Uruguay_4,Player_4,Uruguay,CB,24,21,98.12318873876752,100.0,0.72,0.157,90.7
Uruguay_5,Player_5,Uruguay,CM,25,17,100.0,99.1421052631579,0.72,0.205,84.4
Uruguay_6,Player_6,Uruguay,LM,21,21,98.35834765669779,96.7842423935399,0.72,0.284,83.5
Uruguay_7,Player_7,Uruguay,RM,33,31,100.0,99.58336842105263,0.72,0.238,81.5
Uruguay_8,Player_8,Uruguay,AM,33,36,100.0,100.0,0.72,0.136,86.2
Uruguay_9,Player_9,Uruguay,ST,21,31,96.05745279755462,98.70482121860725,0.72,0.345,86.3
Uruguay_10,Player_10,Uruguay,LW,21,28,100.0,97.59452631578948,0.72,0.162,78.3
Uruguay_11,Player_11,Uruguay,RW,23,18,100.0,98.93305263157895,0.58,0.221,82.8
Uruguay_12,Player_12,Uruguay,FW,32,17,100.0,98.8941052631579,0.58,0.251,81.6
Uruguay_13,Player_13,Uruguay,ST,20,6,98.35026648611782,98.49195069664414,0.58,0.269,83.3
Uruguay_14,Player_14,Uruguay,LW,19,15,100.0,100.0,0.58,0.209,86.3
Uruguay_15,Player_15,Uruguay,RW,24,17,100.0,98.9501052631579,0.58,0.224,82.9
Uruguay_16,Player_16,Uruguay,FW,26,18,94.96225702114651,95.63930965272546,0.58,0.143,86.5
Uruguay_17,Player_17,Uruguay,ST,21,16,95.6212632523033,92.23642114704013,0.58,0.311,80.8
Uruguay_18,Player_18,Uruguay,LW,32,17,100.0,99.2461052631579,0.58,0.592,85.3
Uruguay_19,Player_19,Uruguay,RW,24,9,100.0,96.23852631578947,0.58,0.264,78.8
Uruguay_20,Player_20,Uruguay,FW,33,19,100.0,99.184,0.58,0.192,83.1
Uruguay_21,Player_21,Uruguay,ST,23,15,97.8664645593525,95.61467508566828,0.58,0.252,79.8
Uruguay_22,Player_22,Uruguay,LW,33,12,96.30518935351424,100.0,0.58,0.11,86.5
Colombia_0,Player_0,Colombia,GK,22,16,100.0,100.0,0.72,0.104,85.4
Colombia_1,Player_1,Colombia,CB,28,32,92.92657079622937,88.28488658570305,0.72,0.411,76.8
Colombia_2,Player_2,Colombia,LB,25,17,100.0,100.0,0.72,0.378,83.7
Colombia_3,Player_3,Colombia,RB,33,19,98.66322124613862,98.66322124613862,0.72,0.095,82.9
Colombia_4,Player_4,Colombia,CB,35,16,100.0,95.75515789473684,0.72,0.311,78.2
Colombia_5,Player_5,Colombia,CM,36,33,100.0,100.0,0.72,0.118,91.3
Colombia_6,Player_6,Colombia,LM,35,31,100.0,98.39136842105263,0.72,0.272,81.0
Colombia_7,Player_7,Colombia,RM,29,36,97.57653762310171,98.69064288625961,0.72,0.196,87.5
Colombia_8,Player_8,Colombia,AM,25,18,98.62453010999212,99.50958274157107,0.72,0.117,86.8
Colombia_9,Player_9,Colombia,ST,31,28,94.59770419173478,97.01223050752425,0.72,0.332,88.4
Colombia_10,Player_10,Colombia,LW,20,22,92.08,88.22084210526316,0.72,0.527,75.6
Colombia_11,Player_11,Colombia,RW,23,19,97.53436272572752,92.20636272572752,0.58,0.176,75.1
Colombia_12,Player_12,Colombia,FW,26,11,100.0,96.54442105263158,0.58,0.418,77.1
Colombia_13,Player_13,Colombia,ST,23,5,99.45939442461129,99.68213126671655,0.58,0.189,84.5
Colombia_14,Player_14,Colombia,LW,21,6,99.45145676694298,98.3651409774693,0.58,0.08,82.4
Colombia_15,Player_15,Colombia,RW,33,17,96.84827030183702,99.09837556499491,0.58,0.164,88.9
Colombia_16,Player_16,Colombia,FW,36,6,99.12944943670388,98.2951336472302,0.58,0.391,82.1
Colombia_17,Player_17,Colombia,ST,22,18,100.0,97.71305263157895,0.58,0.241,78.5
Colombia_18,Player_18,Colombia,LW,23,5,98.62035610248492,94.88709294459018,0.58,0.356,78.9
Colombia_19,Player_19,Colombia,RW,30,15,100.0,98.3122105263158,0.58,0.149,80.4
Colombia_20,Player_20,Colombia,FW,19,15,100.0,96.9162105263158,0.58,0.476,80.3
Colombia_21,Player_21,Colombia,ST,25,5,99.0323608654332,92.28709770753846,0.58,0.675,75.1
Colombia_22,Player_22,Colombia,LW,34,5,100.0,93.80273684210526,0.58,0.409,75.3
France_0,Player_0,France,GK,23,24,100.0,100.0,0.72,0.157,87.9
France_1,Player_1,France,CB,32,36,100.0,96.2981052631579,0.72,0.383,75.7
France_2,Player_2,France,LB,36,29,91.34647239235566,89.4119460765662,0.72,0.428,83.3
France_3,Player_3,France,RB,25,28,100.0,96.61452631578948,0.72,0.497,78.8
France_4,Player_4,France,CB,33,19,96.1582421682877,98.3942421682877,0.72,0.103,86.3
France_5,Player_5,France,CM,20,22,98.47081039734285,100.0,0.72,0.328,88.3
France_6,Player_6,France,LM,20,23,100.0,100.0,0.72,0.055,85.5
France_7,Player_7,France,RM,35,16,100.0,94.05115789473685,0.72,0.549,76.1
France_8,Player_8,France,AM,23,22,97.60943109010061,96.01427319536377,0.72,0.174,79.5
France_9,Player_9,France,ST,19,27,100.0,100.0,0.72,0.338,88.2
France_10,Player_10,France,LW,25,35,94.80222222222223,89.10138011695906,0.72,0.383,77.7
France_11,Player_11,France,RW,26,17,98.18352124655189,96.66162650970979,0.58,0.423,82.5
France_12,Player_12,France,FW,22,17,97.66949092780584,96.27959619096373,0.58,0.234,83.6
France_13,Player_13,France,ST,19,13,98.6496412671257,95.27995705659939,0.58,0.417,80.9
France_14,Player_14,France,LW,19,5,100.0,94.70273684210527,0.58,0.429,76.7
France_15,Player_15,France,RW,22,7,98.72101700137335,100.0,0.58,0.135,88.6
France_16,Player_16,France,FW,36,9,99.36159625358285,94.58812256937232,0.58,0.478,76.4
France_17,Player_17,France,ST,32,14,98.77936911211144,97.66063227000618,0.58,0.043,79.8
France_18,Player_18,France,LW,21,11,100.0,95.94442105263158,0.58,0.508,80.1
France_19,Player_19,France,RW,22,14,97.62347073666169,97.34073389455642,0.58,0.136,83.8
France_20,Player_20,France,FW,22,8,98.86826166107699,93.7038406084454,0.58,0.577,78.5
France_21,Player_21,France,ST,28,9,100.0,98.23052631578948,0.58,0.43,83.3
France_22,Player_22,France,LW,29,10,99.43076422279943,98.32823790700995,0.58,0.459,83.2
England_0,Player_0,England,GK,35,32,100.0,99.50631578947369,0.72,0.385,83.0
England_1,Player_1,England,CB,20,15,95.60855604737289,95.74076657368867,0.72,0.124,85.7
England_2,Player_2,England,LB,36,16,98.35736135235425,100.0,0.72,0.185,90.9
England_3,Player_3,England,RB,21,27,96.91467472239216,90.81825366976058,0.72,0.151,72.8
England_4,Player_4,England,CB,22,19,100.0,97.46,0.72,0.26,80.7
England_5,Player_5,England,CM,32,22,100.0,99.70484210526315,0.72,0.259,82.9
England_6,Player_6,England,LM,27,21,98.51855095010434,91.03644568694645,0.72,0.525,71.3
England_7,Player_7,England,RM,29,23,97.38004373716538,100.0,0.72,0.159,89.1
England_8,Player_8,England,AM,24,22,100.0,97.37684210526317,0.72,0.19,76.7
England_9,Player_9,England,ST,23,37,95.44055654845366,92.7896091800326,0.72,0.384,81.0
England_10,Player_10,England,LW,27,30,97.39500739716783,99.85942844979941,0.72,0.133,89.3
England_11,Player_11,England,RW,30,9,100.0,100.0,0.58,0.087,91.1
England_12,Player_12,England,FW,21,15,98.52293250152144,94.37914302783723,0.58,0.291,77.1
England_13,Player_13,England,ST,29,9,97.6424791994191,93.67700551520858,0.58,0.372,78.7
England_14,Player_14,England,LW,33,18,97.5950630478035,95.33611567938246,0.58,0.145,82.1
England_15,Player_15,England,RW,32,13,100.0,91.33831578947368,0.58,0.576,72.1
England_16,Player_16,England,FW,35,12,100.0,100.0,0.58,0.23,91.3
England_17,Player_17,England,ST,27,13,97.54571528596242,97.4320310754361,0.58,0.245,84.2
England_18,Player_18,England,LW,21,17,100.0,99.5781052631579,0.58,0.053,84.7
England_19,Player_19,England,RW,36,16,100.0,98.04715789473684,0.58,0.482,79.5
England_20,Player_20,England,FW,34,6,100.0,95.33368421052631,0.58,0.63,79.3
England_21,Player_21,England,ST,34,9,100.0,98.21852631578948,0.58,0.349,79.4
England_22,Player_22,England,LW,21,8,100.0,95.41957894736842,0.58,0.239,76.2
Spain_0,Player_0,Spain,GK,34,27,100.0,99.85157894736842,0.72,0.38,84.6
Spain_1,Player_1,Spain,CB,32,23,96.70950364984687,95.42929312353108,0.72,0.372,84.1
Spain_2,Player_2,Spain,LB,35,32,100.0,97.29831578947369,0.72,0.396,77.2
Spain_3,Player_3,Spain,RB,33,36,100.0,100.0,0.72,0.228,85.8
Spain_4,Player_4,Spain,CB,19,19,95.16747709530284,94.54747709530284,0.72,0.215,84.8
Spain_5,Player_5,Spain,CM,35,17,100.0,97.78210526315789,0.72,0.255,82.4
Spain_6,Player_6,Spain,LM,32,29,97.70174651289823,97.77122019710875,0.72,0.325,86.1
Spain_7,Player_7,Spain,RM,22,20,98.6156455359205,100.0,0.72,0.101,89.5
Spain_8,Player_8,Spain,AM,36,34,100.0,100.0,0.72,0.343,85.2
Spain_9,Player_9,Spain,ST,32,21,98.32290040170433,91.32079513854643,0.72,0.595,74.7
Spain_10,Player_10,Spain,LW,21,16,100.0,94.80715789473685,0.72,0.572,74.8
Spain_11,Player_11,Spain,RW,35,11,100.0,95.11242105263157,0.58,0.337,78.5
Spain_12,Player_12,Spain,FW,27,17,97.989224067687,94.5953293308449,0.58,0.372,78.4
Spain_13,Player_13,Spain,ST,20,5,99.66065899885562,95.46339584096089,0.58,0.369,79.5
Spain_14,Player_14,Spain,LW,24,17,98.91699680485836,97.10710206801625,0.58,0.104,81.5
Spain_15,Player_15,Spain,RW,26,15,100.0,98.9042105263158,0.58,0.315,80.4
Spain_16,Player_16,Spain,FW,21,7,100.0,97.41663157894737,0.58,0.372,77.0
Spain_17,Player_17,Spain,ST,26,5,100.0,95.37473684210526,0.58,0.51,76.7
Spain_18,Player_18,Spain,LW,24,11,100.0,99.35242105263158,0.58,0.092,83.1
Spain_19,Player_19,Spain,RW,33,16,93.78217437076628,95.90933226550312,0.58,0.137,84.9
Spain_20,Player_20,Spain,FW,28,8,100.0,100.0,0.58,0.253,87.2
Spain_21,Player_21,Spain,ST,29,6,99.25832355395545,100.0,0.58,0.044,86.4
Spain_22,Player_22,Spain,LW,32,6,96.72666666666667,94.04035087719299,0.58,0.35,81.8
Germany_0,Player_0,Germany,GK,25,28,100.0,96.17452631578948,0.72,0.587,79.5
Germany_1,Player_1,Germany,CB,20,28,95.81333333333333,96.40785964912281,0.72,0.212,86.7
Germany_2,Player_2,Germany,LB,34,22,100.0,100.0,0.72,0.249,87.7
Germany_3,Player_3,Germany,RB,30,31,95.29435111710954,94.82971953816218,0.72,0.284,85.3
Germany_4,Player_4,Germany,CB,30,19,97.6127568997613,95.68075689976129,0.72,0.054,81.2
Germany_5,Player_5,Germany,CM,23,35,96.10745166321996,97.45060955795681,0.72,0.06,86.3
Germany_6,Player_6,Germany,LM,31,27,100.0,100.0,0.72,0.428,86.5
Germany_7,Player_7,Germany,RM,27,33,93.94444444444444,88.25370760233918,0.72,0.517,74.2
Germany_8,Player_8,Germany,AM,29,18,100.0,94.10505263157894,0.72,0.427,74.8
Germany_9,Player_9,Germany,ST,25,34,94.90244281269936,99.33065333901516,0.72,0.157,91.2
Germany_10,Player_10,Germany,LW,34,34,95.38,95.32021052631579,0.72,0.073,83.0
Germany_11,Player_11,Germany,RW,34,12,100.0,99.85136842105263,0.58,0.037,83.8
Germany_12,Player_12,Germany,FW,32,18,90.76055668821714,92.06960931979609,0.58,0.119,87.5
Germany_13,Player_13,Germany,ST,24,13,96.55666666666667,94.27898245614035,0.58,0.358,81.2
Germany_14,Player_14,Germany,LW,32,18,100.0,100.0,0.58,0.373,85.2
Germany_15,Player_15,Germany,RW,22,18,96.39645944707242,97.74951207865136,0.58,0.191,86.4
Germany_16,Player_16,Germany,FW,26,10,97.89315397255055,92.85462765676108,0.58,0.411,74.6
Germany_17,Player_17,Germany,ST,30,7,98.26333333333334,98.29596491228071,0.58,0.345,84.6
Germany_18,Player_18,Germany,LW,20,11,100.0,97.37242105263158,0.58,0.067,80.1
Germany_19,Player_19,Germany,RW,21,14,99.02067868508244,97.43394184297718,0.58,0.519,83.8
Germany_20,Player_20,Germany,FW,35,5,98.14637445681355,97.6211112989188,0.58,0.15,83.3
Germany_21,Player_21,Germany,ST,20,10,95.96006325682086,91.77753694103139,0.58,0.419,77.2
Germany_22,Player_22,Germany,LW,36,6,98.00952961805481,97.54321382858113,0.58,0.135,82.1
Italy_0,Player_0,Italy,GK,34,29,100.0,100.0,0.72,0.175,84.9
Italy_1,Player_1,Italy,CB,27,31,100.0,99.49136842105263,0.72,0.237,85.1
Italy_2,Player_2,Italy,LB,32,37,100.0,100.0,0.72,0.355,86.0
Italy_3,Player_3,Italy,RB,32,17,98.70333333333333,94.84143859649123,0.72,0.508,76.7
Italy_4,Player_4,Italy,CB,26,36,96.70639353987507,97.62449880303296,0.72,0.233,84.8
Italy_5,Player_5,Italy,CM,36,21,100.0,100.0,0.72,0.102,90.1
Italy_6,Player_6,Italy,LM,25,31,97.09666666666666,91.83203508771929,0.72,0.409,73.3
Italy_7,Player_7,Italy,RM,26,31,96.7268812773076,95.97824969836023,0.72,0.272,82.3
Italy_8,Player_8,Italy,AM,29,27,100.0,97.14357894736843,0.72,0.306,80.4
Italy_9,Player_9,Italy,ST,28,17,100.0,96.0701052631579,0.72,0.574,78.0
Italy_10,Player_10,Italy,LW,24,33,98.11209080993538,98.93335396783012,0.72,0.513,86.4
Italy_11,Player_11,Italy,RW,28,17,98.41351993859854,93.56762520175644,0.58,0.296,78.6
Italy_12,Player_12,Italy,FW,31,13,96.37568517954146,93.93800096901515,0.58,0.378,81.0
Italy_13,Player_13,Italy,ST,29,17,98.96753695396497,96.96564221712286,0.58,0.378,81.7
Italy_14,Player_14,Italy,LW,35,19,98.71122619778144,97.83922619778144,0.58,0.139,83.0
Italy_15,Player_15,Italy,RW,28,8,100.0,99.68757894736842,0.58,0.123,83.6
Italy_16,Player_16,Italy,FW,36,10,98.29565973545944,98.44913341966996,0.58,0.252,83.4
Italy_17,Player_17,Italy,ST,20,14,97.91555555555556,98.49281871345029,0.58,0.106,85.0
Italy_18,Player_18,Italy,LW,29,8,100.0,100.0,0.58,0.256,84.8
Italy_19,Player_19,Italy,RW,30,7,99.3935164409037,100.0,0.58,0.366,85.6
Italy_20,Player_20,Italy,FW,36,7,99.21760878709647,98.14624036604384,0.58,0.293,82.8
Italy_21,Player_21,Italy,ST,19,17,98.18194989814926,93.76805516130715,0.58,0.352,76.8
Italy_22,Player_22,Italy,LW,34,19,100.0,96.544,0.58,0.802,79.2
Netherlands_0,Player_0,Netherlands,GK,26,17,100.0,97.5141052631579,0.72,0.291,79.6
Netherlands_1,Player_1,Netherlands,CB,26,34,88.46230320111538,85.37451372743116,0.72,0.219,77.5
Netherlands_2,Player_2,Netherlands,LB,28,29,98.29987125123084,98.38934493544137,0.72,0.05,85.6
Netherlands_3,Player_3,Netherlands,RB,23,27,96.80875058498262,96.61232953235104,0.72,0.116,82.8
Netherlands_4,Player_4,Netherlands,CB,23,27,96.99243915735322,100.0,0.72,0.018,92.2
Netherlands_5,Player_5,Netherlands,CM,30,18,97.22778009510368,98.01683272668264,0.72,0.154,85.5
Netherlands_6,Player_6,Netherlands,LM,24,32,100.0,97.29831578947369,0.72,0.151,80.4
Netherlands_7,Player_7,Netherlands,RM,26,24,96.11923855074242,95.64597539284769,0.72,0.396,85.4
Netherlands_8,Player_8,Netherlands,AM,19,34,100.0,96.63621052631579,0.72,0.431,77.5
Netherlands_9,Player_9,Netherlands,ST,28,24,89.64044829677613,87.9591851388814,0.72,0.237,83.3
Netherlands_10,Player_10,Netherlands,LW,26,17,100.0,97.4141052631579,0.72,0.451,79.8
Netherlands_11,Player_11,Netherlands,RW,22,7,100.0,96.88463157894736,0.58,0.141,78.2
Netherlands_12,Player_12,Netherlands,FW,21,5,99.45313727697967,96.67587411908494,0.58,0.209,80.1
Netherlands_13,Player_13,Netherlands,ST,26,9,100.0,95.12252631578947,0.58,0.521,75.1
Netherlands_14,Player_14,Netherlands,LW,34,7,97.98032269315298,96.80895427210035,0.58,0.313,82.7
Netherlands_15,Player_15,Netherlands,RW,28,10,100.0,97.69347368421053,0.58,0.357,82.4
Netherlands_16,Player_16,Netherlands,FW,30,16,100.0,100.0,0.58,0.204,86.0
Netherlands_17,Player_17,Netherlands,ST,28,12,100.0,98.07136842105263,0.58,0.267,81.5
Netherlands_18,Player_18,Netherlands,LW,23,17,91.80521736417249,86.22332262733039,0.58,0.448,77.8
Netherlands_19,Player_19,Netherlands,RW,22,14,100.0,98.99326315789473,0.58,0.364,84.4
Netherlands_20,Player_20,Netherlands,FW,21,14,100.0,99.56126315789474,0.58,0.283,83.8
Netherlands_21,Player_21,Netherlands,ST,27,13,100.0,100.0,0.58,0.045,84.6
Netherlands_22,Player_22,Netherlands,LW,28,19,98.57224078773827,93.86824078773827,0.58,0.378,77.7
Portugal_0,Player_0,Portugal,GK,26,37,100.0,95.16505263157894,0.72,0.547,76.8
Portugal_1,Player_1,Portugal,CB,27,31,100.0,94.69936842105263,0.72,0.641,75.0
Portugal_2,Player_2,Portugal,LB,33,19,100.0,99.392,0.72,0.226,84.8
Portugal_3,Player_3,Portugal,RB,21,32,96.13323862588014,96.13555441535382,0.72,0.148,83.2
Portugal_4,Player_4,Portugal,CB,33,36,91.59619370345902,90.07029896661692,0.72,0.441,84.1
Portugal_5,Player_5,Portugal,CM,24,36,97.58551795856752,96.92762322172541,0.72,0.275,80.0
Portugal_6,Player_6,Portugal,LM,21,15,100.0,98.21221052631579,0.72,0.359,82.0
Portugal_7,Player_7,Portugal,RM,19,34,93.39555555555556,96.39576608187134,0.72,0.173,89.0
Portugal_8,Player_8,Portugal,AM,21,17,100.0,96.77410526315789,0.72,0.446,78.8
Portugal_9,Player_9,Portugal,ST,30,17,98.97385447260329,99.79195973576118,0.72,0.088,85.4
Portugal_10,Player_10,Portugal,LW,22,18,98.47095485634838,96.25600748792733,0.72,0.232,82.4
Portugal_11,Player_11,Portugal,RW,25,11,98.20666583960998,94.41108689224156,0.58,0.298,80.0
Portugal_12,Player_12,Portugal,FW,26,8,100.0,98.98357894736841,0.58,0.196,84.0
Portugal_13,Player_13,Portugal,ST,21,11,99.1932898113456,94.98571086397718,0.58,0.207,76.7
Portugal_14,Player_14,Portugal,LW,34,5,98.77252370575246,94.55926054785772,0.58,0.616,80.0
Portugal_15,Player_15,Portugal,RW,34,5,99.3246640631437,96.34740090524896,0.58,0.304,80.0
Portugal_16,Player_16,Portugal,FW,35,5,98.98300606999334,97.5697429120986,0.58,0.336,79.9
Portugal_17,Player_17,Portugal,ST,34,10,96.76963244263479,97.50710612684531,0.58,0.059,85.1
Portugal_18,Player_18,Portugal,LW,27,13,96.5332742012741,91.41558999074778,0.58,0.358,76.9
Portugal_19,Player_19,Portugal,RW,25,16,96.78187847139989,95.56903636613673,0.58,0.597,83.3
Portugal_20,Player_20,Portugal,FW,30,8,98.11040668041704,97.01398562778546,0.58,0.176,83.8
Portugal_21,Player_21,Portugal,ST,24,5,99.28702289653175,93.85375973863701,0.58,0.476,71.6
Portugal_22,Player_22,Portugal,LW,19,19,100.0,100.0,0.58,0.22,84.9
Belgium_0,Player_0,Belgium,GK,26,26,100.0,97.73663157894737,0.72,0.422,79.0
Belgium_1,Player_1,Belgium,CB,25,30,95.99159829522318,96.58001934785476,0.72,0.335,83.2
Belgium_2,Player_2,Belgium,LB,36,18,95.04041129831991,92.54946392989886,0.72,0.569,80.1
Belgium_3,Player_3,Belgium,RB,23,33,95.89486427759545,91.84012743549019,0.72,0.195,74.8
Belgium_4,Player_4,Belgium,CB,20,15,100.0,98.74021052631579,0.72,0.208,82.5
Belgium_5,Player_5,Belgium,CM,26,16,100.0,92.28315789473685,0.72,0.48,72.1
Belgium_6,Player_6,Belgium,LM,28,15,100.0,93.88021052631579,0.72,0.593,73.4
Belgium_7,Player_7,Belgium,RM,23,28,100.0,100.0,0.72,0.126,89.5
Belgium_8,Player_8,Belgium,AM,20,27,98.18222222222222,96.15780116959064,0.72,0.392,83.1
Belgium_9,Player_9,Belgium,ST,22,31,97.99672793792875,95.74409635898138,0.72,0.265,82.6
Belgium_10,Player_10,Belgium,LW,24,22,98.30444444444444,97.0092865497076,0.72,0.229,83.8
Belgium_11,Player_11,Belgium,RW,27,15,98.40713828107077,98.42734880738656,0.58,0.028,85.3
Belgium_12,Player_12,Belgium,FW,24,6,98.7948494414941,96.76053365202041,0.58,0.186,81.1
Belgium_13,Player_13,Belgium,ST,20,5,99.68863658139678,100.0,0.58,0.086,87.8
Belgium_14,Player_14,Belgium,LW,23,13,100.0,96.44231578947368,0.58,0.163,78.9
Belgium_15,Player_15,Belgium,RW,23,18,97.04593175521515,89.9269843867941,0.58,0.73,74.8
Belgium_16,Player_16,Belgium,FW,28,10,100.0,95.03747368421052,0.58,0.544,77.5
Belgium_17,Player_17,Belgium,ST,29,14,98.82956194728327,97.450825105178,0.58,0.388,83.9
Belgium_18,Player_18,Belgium,LW,34,9,100.0,99.35052631578948,0.58,0.235,84.6
Belgium_19,Player_19,Belgium,RW,32,19,100.0,93.008,0.58,0.524,74.6
Belgium_20,Player_20,Belgium,FW,32,17,97.84882403679026,96.24692929994816,0.58,0.143,79.4
Belgium_21,Player_21,Belgium,ST,34,11,100.0,100.0,0.58,0.071,86.9
Belgium_22,Player_22,Belgium,LW,30,10,98.26455863574154,93.55803231995206,0.58,0.342,75.0
Switzerland_0,Player_0,Switzerland,GK,22,35,100.0,100.0,0.72,0.123,87.8
Switzerland_1,Player_1,Switzerland,CB,25,30,100.0,98.45242105263158,0.72,0.337,82.5
Switzerland_2,Player_2,Switzerland,LB,29,23,97.94,96.1877894736842,0.72,0.391,82.2
Switzerland_3,Player_3,Switzerland,RB,30,36,100.0,99.9981052631579,0.72,0.133,85.7
Switzerland_4,Player_4,Switzerland,CB,26,16,100.0,100.0,0.72,0.208,87.8
Switzerland_5,Player_5,Switzerland,CM,31,25,100.0,99.01368421052632,0.72,0.295,81.9
Switzerland_6,Player_6,Switzerland,LM,28,35,100.0,100.0,0.72,0.205,84.8
Switzerland_7,Player_7,Switzerland,RM,34,29,100.0,97.83347368421053,0.72,0.447,81.8
Switzerland_8,Player_8,Switzerland,AM,26,29,96.82860564356021,94.90607932777074,0.72,0.164,82.8
Switzerland_9,Player_9,Switzerland,ST,27,22,96.31905993798728,95.90390204325044,0.72,0.319,85.3
Switzerland_10,Player_10,Switzerland,LW,29,17,100.0,99.5541052631579,0.72,0.131,84.8
Switzerland_11,Player_11,Switzerland,RW,20,10,99.19522436815292,100.0,0.58,0.053,85.4
Switzerland_12,Player_12,Switzerland,FW,23,16,98.49777777777778,98.57693567251462,0.58,0.208,84.5
Switzerland_13,Player_13,Switzerland,ST,31,12,100.0,96.74336842105264,0.58,0.148,78.1
Switzerland_14,Player_14,Switzerland,LW,21,8,100.0,99.10757894736842,0.58,0.173,80.4
Switzerland_15,Player_15,Switzerland,RW,30,8,100.0,93.49157894736842,0.58,0.385,74.9
Switzerland_16,Player_16,Switzerland,FW,27,7,97.75111111111111,97.40774269005848,0.58,0.207,85.0
Switzerland_17,Player_17,Switzerland,ST,26,15,98.37365440327095,94.10986492958673,0.58,0.271,76.8
Switzerland_18,Player_18,Switzerland,LW,30,19,98.52583711108714,98.36583711108715,0.58,0.28,85.6
Switzerland_19,Player_19,Switzerland,RW,24,11,100.0,99.60442105263158,0.58,0.268,83.9
Switzerland_20,Player_20,Switzerland,FW,26,7,98.86,97.32463157894736,0.58,0.076,75.4
Switzerland_21,Player_21,Switzerland,ST,35,13,100.0,100.0,0.58,0.145,84.7
Switzerland_22,Player_22,Switzerland,LW,28,12,98.19555555555556,98.3469239766082,0.58,0.437,86.2
Austria_0,Player_0,Austria,GK,21,31,100.0,96.39136842105263,0.72,0.547,81.1
Austria_1,Player_1,Austria,CB,26,15,96.11734448769928,96.01755501401507,0.72,0.228,83.0
Austria_2,Player_2,Austria,LB,35,23,95.05353533482753,91.05732480851174,0.72,0.264,72.3
Austria_3,Player_3,Austria,RB,21,37,100.0,98.38105263157895,0.72,0.49,82.8
Austria_4,Player_4,Austria,CB,19,34,96.72789173697662,94.7761022632924,0.72,0.472,82.2
Austria_5,Player_5,Austria,CM,30,32,100.0,96.67031578947369,0.72,0.302,79.8
Austria_6,Player_6,Austria,LM,33,29,100.0,100.0,0.72,0.118,92.5
Austria_7,Player_7,Austria,RM,24,17,100.0,93.0701052631579,0.72,0.509,73.3
Austria_8,Player_8,Austria,AM,23,24,100.0,98.60273684210526,0.72,0.049,80.8
Austria_9,Player_9,Austria,ST,30,26,100.0,97.12863157894736,0.72,0.183,80.2
Austria_10,Player_10,Austria,LW,25,35,97.30888888888889,99.81204678362573,0.72,0.165,89.6
Austria_11,Player_11,Austria,RW,23,19,98.27181555900904,94.60781555900904,0.58,0.338,79.2
Austria_12,Player_12,Austria,FW,22,12,98.0905924311705,94.97396085222314,0.58,0.233,79.7
Austria_13,Player_13,Austria,ST,24,9,100.0,98.21452631578947,0.58,0.332,81.9
Austria_14,Player_14,Austria,LW,35,11,100.0,98.82042105263157,0.58,0.116,82.4
Austria_15,Player_15,Austria,RW,19,18,98.32803339844338,92.59308603002233,0.58,0.347,72.3
Austria_16,Player_16,Austria,FW,22,18,98.35222222222222,93.90527485380117,0.58,0.501,77.1
Austria_17,Player_17,Austria,ST,36,17,100.0,97.42210526315789,0.58,0.31,80.7
Austria_18,Player_18,Austria,LW,28,6,99.20509086734121,94.94677507786753,0.58,0.304,76.8
Austria_19,Player_19,Austria,RW,32,11,98.7303401658563,95.55876121848789,0.58,0.185,79.5
Austria_20,Player_20,Austria,FW,27,9,100.0,99.57452631578947,0.58,0.197,83.6
Austria_21,Player_21,Austria,ST,30,8,100.0,100.0,0.58,0.145,84.8
Austria_22,Player_22,Austria,LW,20,5,97.28798410459967,93.16272094670494,0.58,0.23,78.1
Denmark_0,Player_0,Denmark,GK,28,15,100.0,94.63621052631579,0.72,0.426,73.0
Denmark_1,Player_1,Denmark,CB,31,15,100.0,99.6602105263158,0.72,0.038,83.5
Denmark_2,Player_2,Denmark,LB,27,15,98.01574983799838,98.91196036431417,0.72,0.146,85.6
Denmark_3,Player_3,Denmark,RB,21,16,98.59603534389251,96.20719323862936,0.72,0.099,79.3
Denmark_4,Player_4,Denmark,CB,30,16,98.14084451500683,94.03200240974367,0.72,0.394,74.8
Denmark_5,Player_5,Denmark,CM,26,23,100.0,100.0,0.72,0.092,86.4
Denmark_6,Player_6,Denmark,LM,27,15,98.21347266241283,95.59768318872861,0.72,0.245,81.8
Denmark_7,Player_7,Denmark,RM,34,30,100.0,99.62442105263158,0.72,0.238,84.1
Denmark_8,Player_8,Denmark,AM,32,16,100.0,99.05115789473685,0.72,0.234,79.2
Denmark_9,Player_9,Denmark,ST,32,35,97.45949062157673,100.0,0.72,0.42,90.5
Denmark_10,Player_10,Denmark,LW,31,26,100.0,99.64463157894737,0.72,0.241,85.3
Denmark_11,Player_11,Denmark,RW,33,19,96.20163743947647,89.56163743947647,0.58,0.35,72.3
Denmark_12,Player_12,Denmark,FW,20,9,99.19080582547987,95.84933214126934,0.58,0.274,79.4
Denmark_13,Player_13,Denmark,ST,20,10,98.99680343663593,100.0,0.58,0.114,89.6
Denmark_14,Player_14,Denmark,LW,25,15,100.0,99.32821052631579,0.58,0.192,83.3
Denmark_15,Player_15,Denmark,RW,24,6,98.43712780697595,98.60281201750227,0.58,0.216,85.8
Denmark_16,Player_16,Denmark,FW,20,16,100.0,100.0,0.58,0.241,83.8
Denmark_17,Player_17,Denmark,ST,33,19,98.38777777777777,97.40377777777778,0.58,0.593,83.7
Denmark_18,Player_18,Denmark,LW,24,17,100.0,98.05010526315789,0.58,0.159,80.1
Denmark_19,Player_19,Denmark,RW,26,10,98.07333333333334,94.85480701754386,0.58,0.496,80.1
Denmark_20,Player_20,Denmark,FW,35,16,100.0,95.69915789473684,0.58,0.668,78.9
Denmark_21,Player_21,Denmark,ST,33,11,100.0,96.48842105263158,0.58,0.325,78.0
Denmark_22,Player_22,Denmark,LW,35,14,98.80280104779197,95.2040642056867,0.58,0.633,78.6
Sweden_0,Player_0,Sweden,GK,19,30,100.0,96.30842105263157,0.72,0.285,77.9
Sweden_1,Player_1,Sweden,CB,32,25,91.03860005976249,88.9162842702888,0.72,0.332,80.3
Sweden_2,Player_2,Sweden,LB,19,34,97.53440734906465,93.93461787538044,0.72,0.553,81.2
Sweden_3,Player_3,Sweden,RB,31,34,100.0,98.72821052631579,0.72,0.637,83.6
Sweden_4,Player_4,Sweden,CB,19,31,100.0,100.0,0.72,0.114,84.9
Sweden_5,Player_5,Sweden,CM,25,31,95.24099025398118,98.04035867503381,0.72,0.111,88.6
Sweden_6,Player_6,Sweden,LM,34,34,100.0,100.0,0.72,0.253,87.2
Sweden_7,Player_7,Sweden,RM,20,37,94.7023093704321,92.25936200201104,0.72,0.298,79.9
Sweden_8,Player_8,Sweden,AM,29,32,100.0,95.99431578947369,0.72,0.659,79.5
Sweden_9,Player_9,Sweden,ST,33,25,95.85617931871045,95.27786352923677,0.72,0.349,85.2
Sweden_10,Player_10,Sweden,LW,28,22,97.36108221450485,93.09792431976801,0.72,0.205,73.0
Sweden_11,Player_11,Sweden,RW,24,15,100.0,99.85621052631579,0.58,0.201,84.1
Sweden_12,Player_12,Sweden,FW,22,5,100.0,94.93473684210527,0.58,0.245,75.5
Sweden_13,Player_13,Sweden,ST,25,17,98.54444444444445,96.84654970760235,0.58,0.435,79.8
Sweden_14,Player_14,Sweden,LW,26,11,98.09453929061705,97.14296034324863,0.58,0.375,80.7
Sweden_15,Player_15,Sweden,RW,31,15,96.33196590904484,94.85217643536063,0.58,0.128,82.0
Sweden_16,Player_16,Sweden,FW,27,5,100.0,96.96273684210526,0.58,0.394,81.3
Sweden_17,Player_17,Sweden,ST,25,15,98.44593642979223,98.72614695610801,0.58,0.453,86.5
Sweden_18,Player_18,Sweden,LW,19,6,99.66401616109019,96.8377003716165,0.58,0.22,80.0
Sweden_19,Player_19,Sweden,RW,32,14,98.97183892905045,100.0,0.58,0.292,88.5
Sweden_20,Player_20,Sweden,FW,33,15,100.0,100.0,0.58,0.324,86.5
Sweden_21,Player_21,Sweden,ST,28,17,98.13723450435637,93.92733976751427,0.58,0.579,78.8
Sweden_22,Player_22,Sweden,LW,23,9,100.0,100.0,0.58,0.168,87.0
Poland_0,Player_0,Poland,GK,20,19,100.0,95.688,0.72,0.194,76.7
Poland_1,Player_1,Poland,CB,20,16,100.0,97.04715789473684,0.72,0.127,78.5
Poland_2,Player_2,Poland,LB,31,37,92.54473660807801,93.24978923965696,0.72,0.442,87.4
Poland_3,Player_3,Poland,RB,25,31,92.75813497305779,94.68150339411042,0.72,0.138,88.6
Poland_4,Player_4,Poland,CB,29,18,98.90363168355748,99.04468431513642,0.72,0.17,85.8
Poland_5,Player_5,Poland,CM,19,23,100.0,93.7797894736842,0.72,0.562,75.9
Poland_6,Player_6,Poland,LM,27,33,100.0,100.0,0.72,0.285,90.7
Poland_7,Player_7,Poland,RM,29,23,100.0,98.7237894736842,0.72,0.164,83.7
Poland_8,Player_8,Poland,AM,35,15,100.0,96.98821052631578,0.72,0.252,81.2
Poland_9,Player_9,Poland,ST,21,17,97.08479025310945,95.49889551626734,0.72,0.071,80.5
Poland_10,Player_10,Poland,LW,26,15,98.41136676493423,97.41157729125001,0.72,0.113,80.2
Poland_11,Player_11,Poland,RW,32,13,98.78055997151426,99.38687576098795,0.58,0.125,83.8
Poland_12,Player_12,Poland,FW,35,16,93.66239189920422,94.28154979394107,0.58,0.463,87.1
Poland_13,Player_13,Poland,ST,36,7,98.41354999371912,99.40618157266648,0.58,0.03,84.1
Poland_14,Player_14,Poland,LW,25,9,99.32297993362536,95.46950624941483,0.58,0.388,80.1
Poland_15,Player_15,Poland,RW,31,8,100.0,97.45157894736842,0.58,0.04,78.9
Poland_16,Player_16,Poland,FW,19,12,100.0,100.0,0.58,0.181,88.5
Poland_17,Player_17,Poland,ST,27,8,99.18902474668087,97.6686036940493,0.58,0.054,81.7
Poland_18,Player_18,Poland,LW,27,6,99.29063290718221,93.01631711770852,0.58,0.541,75.5
Poland_19,Player_19,Poland,RW,19,8,98.77046985781928,98.2540488051877,0.58,0.076,80.7
Poland_20,Player_20,Poland,FW,21,12,98.02404346458982,97.05541188564246,0.58,0.312,84.3
Poland_21,Player_21,Poland,ST,35,10,97.20530218170704,92.36277586591757,0.58,0.294,76.0
Poland_22,Player_22,Poland,LW,27,18,97.73998675383307,96.03703938541202,0.58,0.473,79.9
Czech_Republic_0,Player_0,Czech Republic,GK,21,22,100.0,96.54084210526315,0.72,0.442,79.7
Czech_Republic_1,Player_1,Czech Republic,CB,27,27,94.89359488071597,92.39317382808439,0.72,0.409,82.4
Czech_Republic_2,Player_2,Czech Republic,LB,31,17,96.01725574986659,93.75136101302449,0.72,0.176,82.2
Czech_Republic_3,Player_3,Czech Republic,RB,29,28,100.0,100.0,0.72,0.216,83.9
Czech_Republic_4,Player_4,Czech Republic,CB,35,30,100.0,100.0,0.72,0.075,85.4
Czech_Republic_5,Player_5,Czech Republic,CM,23,15,100.0,99.8122105263158,0.72,0.464,83.3
Czech_Republic_6,Player_6,Czech Republic,LM,35,20,100.0,96.33094736842105,0.72,0.131,78.8
Czech_Republic_7,Player_7,Czech Republic,RM,29,35,96.65145655398103,100.0,0.72,0.047,91.5
Czech_Republic_8,Player_8,Czech Republic,AM,20,30,97.06095899384492,94.83338004647649,0.72,0.177,77.4
Czech_Republic_9,Player_9,Czech Republic,ST,25,34,96.48850254549289,94.55671307180869,0.72,0.537,82.4
Czech_Republic_10,Player_10,Czech Republic,LW,31,25,93.75800928661876,92.57569349714507,0.72,0.172,81.4
Czech_Republic_11,Player_11,Czech Republic,RW,34,11,100.0,97.94842105263157,0.58,0.375,80.3
Czech_Republic_12,Player_12,Czech Republic,FW,31,9,100.0,99.50652631578947,0.58,0.308,85.0
Czech_Republic_13,Player_13,Czech Republic,ST,19,17,100.0,100.0,0.58,0.169,85.4
Czech_Republic_14,Player_14,Czech Republic,LW,20,17,97.64461004803152,93.86271531118942,0.58,0.203,78.7
Czech_Republic_15,Player_15,Czech Republic,RW,36,14,94.85333333333334,95.79859649122808,0.58,0.125,85.6
Czech_Republic_16,Player_16,Czech Republic,FW,34,12,99.1588888888889,99.59425730994153,0.58,0.314,85.2
Czech_Republic_17,Player_17,Czech Republic,ST,21,6,98.7625948036752,99.20027901420151,0.58,0.337,86.4
Czech_Republic_18,Player_18,Czech Republic,LW,30,15,98.60241700142028,100.0,0.58,0.218,91.4
Czech_Republic_19,Player_19,Czech Republic,RW,22,10,98.40888888888888,100.0,0.58,0.258,84.8
Czech_Republic_20,Player_20,Czech Republic,FW,34,16,100.0,96.09515789473684,0.58,0.241,77.3
Czech_Republic_21,Player_21,Czech Republic,ST,21,18,100.0,97.28905263157895,0.58,0.544,81.0
Czech_Republic_22,Player_22,Czech Republic,LW,33,18,98.85444282705758,100.0,0.58,0.174,88.4
Hungary_0,Player_0,Hungary,GK,25,31,100.0,99.74736842105263,0.72,0.44,84.7
Hungary_1,Player_1,Hungary,CB,36,37,96.8263595575838,99.66341218916274,0.72,0.403,89.3
Hungary_2,Player_2,Hungary,LB,29,15,96.68601022286656,96.38622074918234,0.72,0.183,81.4
Hungary_3,Player_3,Hungary,RB,26,26,93.40106594447126,89.04569752341862,0.72,0.611,73.8
Hungary_4,Player_4,Hungary,CB,21,18,98.55295150812111,98.18600413970006,0.72,0.556,84.6
Hungary_5,Player_5,Hungary,CM,29,37,95.23896585163901,99.25201848321795,0.72,0.026,90.3
Hungary_6,Player_6,Hungary,LM,29,22,100.0,100.0,0.72,0.415,85.0
Hungary_7,Player_7,Hungary,RM,30,25,98.12915987817276,96.38284408869907,0.72,0.325,78.4
Hungary_8,Player_8,Hungary,AM,30,35,100.0,97.72715789473685,0.72,0.402,81.6
Hungary_9,Player_9,Hungary,ST,22,32,96.89035969027854,99.22467547975222,0.72,0.209,89.3
Hungary_10,Player_10,Hungary,LW,26,36,100.0,100.0,0.72,0.173,89.7
Hungary_11,Player_11,Hungary,RW,19,12,100.0,94.21936842105264,0.58,0.641,76.5
Hungary_12,Player_12,Hungary,FW,27,10,98.89724957920285,99.58672326341338,0.58,0.08,83.8
Hungary_13,Player_13,Hungary,ST,32,9,97.31,95.48052631578948,0.58,0.45,82.0
Hungary_14,Player_14,Hungary,LW,24,9,99.33555555555556,95.82608187134502,0.58,0.3,76.7
Hungary_15,Player_15,Hungary,RW,22,14,100.0,94.20926315789474,0.58,0.517,77.5
Hungary_16,Player_16,Hungary,FW,36,18,100.0,93.70505263157895,0.58,0.387,75.3
Hungary_17,Player_17,Hungary,ST,27,7,99.10014151482895,98.14477309377632,0.58,0.571,84.8
Hungary_18,Player_18,Hungary,LW,31,9,100.0,95.22652631578947,0.58,0.428,77.6
Hungary_19,Player_19,Hungary,RW,21,10,97.94259883541017,99.6120725196207,0.58,0.095,86.6
Hungary_20,Player_20,Hungary,FW,26,11,97.80222222222223,98.16664327485381,0.58,0.208,86.1
Hungary_21,Player_21,Hungary,ST,20,12,100.0,99.79536842105263,0.58,0.249,81.6
Hungary_22,Player_22,Hungary,LW,28,7,99.1047173586829,96.95734893763027,0.58,0.435,81.5
Romania_0,Player_0,Romania,GK,30,27,100.0,96.79157894736842,0.72,0.585,80.5
Romania_1,Player_1,Romania,CB,26,34,100.0,96.08821052631579,0.72,0.262,78.8
Romania_2,Player_2,Romania,LB,34,28,100.0,100.0,0.72,0.236,85.3
Romania_3,Player_3,Romania,RB,28,16,98.85087325644912,96.05003115118596,0.72,0.258,77.8
Romania_4,Player_4,Romania,CB,28,15,98.77855074918648,93.66276127550226,0.72,0.555,78.6
Romania_5,Player_5,Romania,CM,24,34,100.0,99.19221052631579,0.72,0.369,83.7
Romania_6,Player_6,Romania,LM,31,36,100.0,100.0,0.72,0.152,82.8
Romania_7,Player_7,Romania,RM,32,30,100.0,96.14842105263158,0.72,0.255,77.6
Romania_8,Player_8,Romania,AM,20,32,97.07545992319407,94.45777571266775,0.72,0.728,83.0
Romania_9,Player_9,Romania,ST,24,21,94.98018818866295,88.26208292550506,0.72,0.172,73.0
Romania_10,Player_10,Romania,LW,33,36,94.06798358047376,87.84608884363166,0.72,0.518,72.2
Romania_11,Player_11,Romania,RW,26,19,100.0,98.868,0.58,0.464,82.0
Romania_12,Player_12,Romania,FW,33,17,90.82332532860124,93.65743059175914,0.58,0.111,87.2
Romania_13,Player_13,Romania,ST,31,15,100.0,97.65221052631578,0.58,0.399,81.2
Romania_14,Player_14,Romania,LW,30,11,97.88222222222223,96.65464327485381,0.58,0.472,83.0
Romania_15,Player_15,Romania,RW,21,5,98.39540844794045,94.62614529004571,0.58,0.378,76.4
Romania_16,Player_16,Romania,FW,29,12,99.00950691464975,97.86087533570237,0.58,0.387,83.0
Romania_17,Player_17,Romania,ST,29,10,99.35869441837185,96.19216810258239,0.58,0.327,78.5
Romania_18,Player_18,Romania,LW,28,9,100.0,99.71852631578948,0.58,0.044,82.3
Romania_19,Player_19,Romania,RW,29,8,98.59630369939907,94.97988264676749,0.58,0.151,80.0
Romania_20,Player_20,Romania,FW,35,17,100.0,98.8501052631579,0.58,0.309,82.9
Romania_21,Player_21,Romania,ST,22,15,100.0,95.20421052631579,0.58,0.29,76.1
Romania_22,Player_22,Romania,LW,20,7,100.0,95.84063157894737,0.58,0.384,77.1
Egypt_0,Player_0,Egypt,GK,22,29,100.0,97.98947368421052,0.72,0.43,80.7
Egypt_1,Player_1,Egypt,CB,28,19,97.74554834878013,94.03754834878013,0.72,0.531,77.0
Egypt_2,Player_2,Egypt,LB,32,26,100.0,100.0,0.72,0.18,88.2
Egypt_3,Player_3,Egypt,RB,26,22,100.0,96.19284210526315,0.72,0.233,75.1
Egypt_4,Player_4,Egypt,CB,30,30,100.0,99.15642105263157,0.72,0.049,81.7
Egypt_5,Player_5,Egypt,CM,31,21,97.47346880963391,95.05136354647603,0.72,0.42,78.7
Egypt_6,Player_6,Egypt,LM,29,23,97.87746070626659,96.7572501799508,0.72,0.322,84.3
Egypt_7,Player_7,Egypt,RM,26,26,100.0,98.80863157894737,0.72,0.473,83.2
Egypt_8,Player_8,Egypt,AM,29,32,100.0,95.27431578947369,0.72,0.244,77.6
Egypt_9,Player_9,Egypt,ST,26,19,100.0,94.368,0.72,0.629,78.1
Egypt_10,Player_10,Egypt,LW,24,31,100.0,100.0,0.72,0.33,85.6
Egypt_11,Player_11,Egypt,RW,32,16,98.82956194728327,99.84471984202011,0.58,0.121,85.7
Egypt_12,Player_12,Egypt,FW,26,15,98.76113952790391,97.1733500542197,0.58,0.174,80.7
Egypt_13,Player_13,Egypt,ST,30,18,98.78237435823665,95.4154269898156,0.58,0.236,78.2
Egypt_14,Player_14,Egypt,LW,21,7,100.0,99.20463157894737,0.58,0.106,81.6
Egypt_15,Player_15,Egypt,RW,36,11,98.44218019553098,98.38260124816256,0.58,0.096,85.3
Egypt_16,Player_16,Egypt,FW,32,17,98.23610985932677,98.41021512248467,0.58,0.121,79.5
Egypt_17,Player_17,Egypt,ST,25,16,100.0,95.40315789473684,0.58,0.27,73.8
Egypt_18,Player_18,Egypt,LW,29,14,100.0,95.04126315789473,0.58,0.493,78.7
Egypt_19,Player_19,Egypt,RW,27,9,98.91373646066755,96.31226277645702,0.58,0.374,80.7
Egypt_20,Player_20,Egypt,FW,19,9,100.0,97.41052631578947,0.58,0.535,78.5
Egypt_21,Player_21,Egypt,ST,22,7,100.0,98.38863157894737,0.58,0.258,81.9
Egypt_22,Player_22,Egypt,LW,32,16,96.68601022286656,95.8851681176034,0.58,0.438,83.6
Nigeria_0,Player_0,Nigeria,GK,20,31,100.0,97.34336842105263,0.72,0.343,80.9
Nigeria_1,Player_1,Nigeria,CB,28,22,100.0,93.51284210526316,0.72,0.518,74.1
Nigeria_2,Player_2,Nigeria,LB,35,16,98.29945277277575,97.95061066751259,0.72,0.054,82.3
Nigeria_3,Player_3,Nigeria,RB,34,27,100.0,98.91957894736842,0.72,0.149,79.0
Nigeria_4,Player_4,Nigeria,CB,22,35,93.04538108754228,89.97253898227912,0.72,0.107,74.8
Nigeria_5,Player_5,Nigeria,CM,31,31,97.9928973124006,95.92026573345323,0.72,0.28,81.6
Nigeria_6,Player_6,Nigeria,LM,25,35,100.0,100.0,0.72,0.367,90.0
Nigeria_7,Player_7,Nigeria,RM,25,29,93.56335101020814,93.82082469441866,0.72,0.629,84.5
Nigeria_8,Player_8,Nigeria,AM,29,30,100.0,100.0,0.72,0.125,85.9
Nigeria_9,Player_9,Nigeria,ST,32,35,94.49108440256346,92.60224229730031,0.72,0.309,82.0
Nigeria_10,Player_10,Nigeria,LW,21,17,97.74413356712878,97.79823883028668,0.72,0.356,86.0
Nigeria_11,Player_11,Nigeria,RW,22,18,98.13069712640507,95.11174975798401,0.58,0.135,79.7
Nigeria_12,Player_12,Nigeria,FW,25,10,100.0,97.76547368421052,0.58,0.318,82.4
Nigeria_13,Player_13,Nigeria,ST,36,18,100.0,100.0,0.58,0.284,85.6
Nigeria_14,Player_14,Nigeria,LW,19,11,100.0,95.93642105263157,0.58,0.384,77.3
Nigeria_15,Player_15,Nigeria,RW,34,15,100.0,99.4282105263158,0.58,0.152,84.6
Nigeria_16,Player_16,Nigeria,FW,26,9,99.39623956767336,100.0,0.58,0.245,85.6
Nigeria_17,Player_17,Nigeria,ST,25,14,98.83891208225235,100.0,0.58,0.317,86.6
Nigeria_18,Player_18,Nigeria,LW,21,11,98.65703417081336,94.12545522344494,0.58,0.265,75.1
Nigeria_19,Player_19,Nigeria,RW,28,8,99.15404881720448,98.11362776457291,0.58,0.144,82.6
Nigeria_20,Player_20,Nigeria,FW,20,6,98.44298066528799,89.48066487581431,0.58,0.637,69.2
Nigeria_21,Player_21,Nigeria,ST,31,18,100.0,97.90905263157894,0.58,0.159,81.2
Nigeria_22,Player_22,Nigeria,LW,33,11,97.98444444444445,98.22086549707603,0.58,0.179,85.9
Senegal_0,Player_0,Senegal,GK,25,16,100.0,99.21115789473684,0.72,0.484,82.5
Senegal_1,Player_1,Senegal,CB,30,15,97.38010931380018,93.57631984011597,0.72,0.321,77.6
Senegal_2,Player_2,Senegal,LB,22,16,98.89333333333333,100.0,0.72,0.129,86.5
Senegal_3,Player_3,Senegal,RB,29,20,100.0,99.77894736842106,0.72,0.22,82.9
Senegal_4,Player_4,Senegal,CB,33,23,95.4604439564574,95.0202334301416,0.72,0.242,83.9
Senegal_5,Player_5,Senegal,CM,20,31,100.0,100.0,0.72,0.248,89.8
Senegal_6,Player_6,Senegal,LM,28,23,97.1910235157645,98.18681298944871,0.72,0.23,87.2
Senegal_7,Player_7,Senegal,RM,19,36,93.31533696730074,92.17744223045864,0.72,0.44,83.4
Senegal_8,Player_8,Senegal,AM,30,32,100.0,98.53031578947369,0.72,0.182,81.1
Senegal_9,Player_9,Senegal,ST,25,35,96.14378210975632,95.89494000449315,0.72,0.164,80.4
Senegal_10,Player_10,Senegal,LW,25,35,90.62841235137428,89.09157024611112,0.72,0.385,83.9
Senegal_11,Player_11,Senegal,RW,30,13,98.24922608937113,95.11954187884481,0.58,0.247,81.0
Senegal_12,Player_12,Senegal,FW,32,5,99.62,98.43873684210527,0.58,0.397,82.9
Senegal_13,Player_13,Senegal,ST,25,5,99.31455928603363,100.0,0.58,0.265,87.0
Senegal_14,Player_14,Senegal,LW,19,11,100.0,99.37242105263158,0.58,0.212,82.1
Senegal_15,Player_15,Senegal,RW,24,16,97.08444444444444,89.93960233918128,0.58,0.786,74.8
Senegal_16,Player_16,Senegal,FW,27,11,98.51619492878194,95.11261598141353,0.58,0.159,77.9
Senegal_17,Player_17,Senegal,ST,23,16,100.0,99.36315789473684,0.58,0.32,84.9
Senegal_18,Player_18,Senegal,LW,30,8,97.41777777777777,97.26535672514619,0.58,0.323,85.5
Senegal_19,Player_19,Senegal,RW,23,16,100.0,100.0,0.58,0.097,82.8
Senegal_20,Player_20,Senegal,FW,24,19,100.0,100.0,0.58,0.338,85.5
Senegal_21,Player_21,Senegal,ST,34,7,100.0,98.28463157894737,0.58,0.131,81.5
Senegal_22,Player_22,Senegal,LW,24,18,100.0,96.47305263157895,0.58,0.181,79.1
Morocco_0,Player_0,Morocco,GK,23,27,100.0,95.66357894736842,0.72,0.321,77.0
Morocco_1,Player_1,Morocco,CB,26,17,97.26260211763552,97.06870738079341,0.72,0.252,84.2
Morocco_2,Player_2,Morocco,LB,23,17,100.0,98.63410526315789,0.72,0.196,83.6
Morocco_3,Player_3,Morocco,RB,23,25,97.52950354388787,99.50318775441418,0.72,0.22,87.5
Morocco_4,Player_4,Morocco,CB,27,32,88.76888888888888,89.33920467836256,0.72,0.062,83.9
Morocco_5,Player_5,Morocco,CM,27,36,100.0,100.0,0.72,0.065,85.6
Morocco_6,Player_6,Morocco,LM,31,25,100.0,100.0,0.72,0.121,87.5
Morocco_7,Player_7,Morocco,RM,31,24,100.0,100.0,0.72,0.064,83.1
Morocco_8,Player_8,Morocco,AM,21,17,100.0,100.0,0.72,0.051,85.7
Morocco_9,Player_9,Morocco,ST,20,19,100.0,94.316,0.72,0.523,75.3
Morocco_10,Player_10,Morocco,LW,34,36,94.92015371274405,92.27825897590195,0.72,0.393,79.8
Morocco_11,Player_11,Morocco,RW,27,5,100.0,99.26673684210526,0.58,0.121,81.7
Morocco_12,Player_12,Morocco,FW,25,12,100.0,99.78736842105263,0.58,0.225,85.3
Morocco_13,Player_13,Morocco,ST,27,13,98.75444444444445,98.48476023391812,0.58,0.252,81.5
Morocco_14,Player_14,Morocco,LW,33,14,98.94953565362268,97.25079881151741,0.58,0.258,80.7
Morocco_15,Player_15,Morocco,RW,31,14,100.0,94.83326315789473,0.58,0.404,74.5
Morocco_16,Player_16,Morocco,FW,35,12,98.24342241894915,96.54279084000179,0.58,0.396,82.2
Morocco_17,Player_17,Morocco,ST,20,6,100.0,95.16968421052631,0.58,0.398,77.4
Morocco_18,Player_18,Morocco,LW,34,7,100.0,98.16063157894737,0.58,0.504,82.1
Morocco_19,Player_19,Morocco,RW,35,15,100.0,100.0,0.58,0.294,85.3
Morocco_20,Player_20,Morocco,FW,32,8,98.85547953038152,98.58305847774994,0.58,0.388,85.5
Morocco_21,Player_21,Morocco,ST,34,8,96.11858275520689,93.75016170257531,0.58,0.26,79.6
Morocco_22,Player_22,Morocco,LW,25,12,98.96871575715952,92.18008417821214,0.58,0.702,71.4
Tunisia_0,Player_0,Tunisia,GK,32,15,100.0,100.0,0.72,0.02,84.2
Tunisia_1,Player_1,Tunisia,CB,30,18,100.0,100.0,0.72,0.447,86.6
Tunisia_2,Player_2,Tunisia,LB,33,20,100.0,100.0,0.72,0.111,85.7
Tunisia_3,Player_3,Tunisia,RB,21,36,93.25111111111111,95.417216374269,0.72,0.132,89.0
Tunisia_4,Player_4,Tunisia,CB,23,25,100.0,99.34968421052632,0.72,0.168,84.7
Tunisia_5,Player_5,Tunisia,CM,31,22,94.99054129239397,97.09538339765713,0.72,0.054,88.6
Tunisia_6,Player_6,Tunisia,LM,34,17,100.0,100.0,0.72,0.206,87.7
Tunisia_7,Player_7,Tunisia,RM,32,21,97.20946176718502,100.0,0.72,0.06,89.2
Tunisia_8,Player_8,Tunisia,AM,22,32,100.0,100.0,0.72,0.16,89.8
Tunisia_9,Player_9,Tunisia,ST,33,31,100.0,96.88736842105263,0.72,0.225,79.9
Tunisia_10,Player_10,Tunisia,LW,23,17,98.23946348891677,98.70156875207466,0.72,0.315,85.3
Tunisia_11,Player_11,Tunisia,RW,30,8,100.0,98.93557894736843,0.58,0.292,82.8
Tunisia_12,Player_12,Tunisia,FW,31,10,96.39555555555556,93.52902923976609,0.58,0.117,78.6
Tunisia_13,Player_13,Tunisia,ST,21,19,100.0,96.62,0.58,0.32,80.8
Tunisia_14,Player_14,Tunisia,LW,19,17,97.45333333333333,96.13543859649123,0.58,0.405,84.1
Tunisia_15,Player_15,Tunisia,RW,24,8,99.47876191407225,100.0,0.58,0.123,91.4
Tunisia_16,Player_16,Tunisia,FW,34,10,97.00561771638279,95.07909140059331,0.58,0.167,80.1
Tunisia_17,Player_17,Tunisia,ST,20,14,97.80633576656457,90.27159892445931,0.58,0.56,71.2
Tunisia_18,Player_18,Tunisia,LW,33,8,100.0,91.32757894736842,0.58,0.498,71.9
Tunisia_19,Player_19,Tunisia,RW,33,15,98.05651453583,97.7167250621458,0.58,0.418,81.8
Tunisia_20,Player_20,Tunisia,FW,27,9,98.92963184213501,99.20015815792448,0.58,0.1,80.7
Tunisia_21,Player_21,Tunisia,ST,32,8,100.0,97.95157894736842,0.58,0.36,81.5
Tunisia_22,Player_22,Tunisia,LW,21,5,99.33846232248992,97.82119916459519,0.58,0.229,80.8
South_Africa_0,Player_0,South Africa,GK,35,32,100.0,99.26631578947368,0.72,0.18,80.9
South_Africa_1,Player_1,South Africa,CB,33,20,100.0,96.52694736842105,0.72,0.574,79.9
South_Africa_2,Player_2,South Africa,LB,34,25,96.86109573941445,93.45877994994076,0.72,0.207,79.4
South_Africa_3,Player_3,South Africa,RB,31,21,100.0,98.82189473684211,0.72,0.277,82.8
South_Africa_4,Player_4,South Africa,CB,32,36,96.03555911381613,98.20166437697402,0.72,0.142,89.0
South_Africa_5,Player_5,South Africa,CM,24,22,100.0,98.09284210526316,0.72,0.318,80.6
South_Africa_6,Player_6,South Africa,LM,24,15,100.0,100.0,0.72,0.191,87.6
South_Africa_7,Player_7,South Africa,RM,21,16,97.72305689119771,97.30221478593455,0.72,0.383,82.9
South_Africa_8,Player_8,South Africa,AM,26,24,96.22181055529482,89.12454739740008,0.72,0.779,73.7
South_Africa_9,Player_9,South Africa,ST,31,27,98.48680962776712,95.01038857513554,0.72,0.681,80.3
South_Africa_10,Player_10,South Africa,LW,36,25,96.13669005577253,93.90637426629885,0.72,0.028,79.5
South_Africa_11,Player_11,South Africa,RW,27,18,96.89111111111112,94.16016374269006,0.58,0.209,79.1
South_Africa_12,Player_12,South Africa,FW,30,11,99.08742297353014,96.05584402616172,0.58,0.535,81.7
South_Africa_13,Player_13,South Africa,ST,21,11,100.0,97.12042105263158,0.58,0.286,77.6
South_Africa_14,Player_14,South Africa,LW,24,19,100.0,99.12,0.58,0.095,80.4
South_Africa_15,Player_15,South Africa,RW,30,14,100.0,98.06126315789474,0.58,0.243,82.8
South_Africa_16,Player_16,South Africa,FW,20,10,97.94153359254582,98.85500727675635,0.58,0.152,85.5
South_Africa_17,Player_17,South Africa,ST,32,5,99.17333333333333,96.60007017543859,0.58,0.371,81.9
South_Africa_18,Player_18,South Africa,LW,36,19,98.68027666863738,95.53227666863738,0.58,0.271,79.8
South_Africa_19,Player_19,South Africa,RW,19,16,97.9694239373106,95.16058183204744,0.58,0.149,80.1
South_Africa_20,Player_20,South Africa,FW,20,8,98.2490080858826,98.97258703325102,0.58,0.096,86.4
South_Africa_21,Player_21,South Africa,ST,29,6,98.63432528905908,98.0560094995854,0.58,0.259,83.5
South_Africa_22,Player_22,South Africa,LW,31,19,96.16977293626026,92.39777293626025,0.58,0.604,80.8
Japan_0,Player_0,Japan,GK,32,24,100.0,95.90673684210526,0.72,0.561,75.3
Japan_1,Player_1,Japan,CB,20,34,96.52837830489786,96.58058883121365,0.72,0.209,82.2
Japan_2,Player_2,Japan,LB,33,35,96.62920849383647,99.98436638857332,0.72,0.041,88.1
Japan_3,Player_3,Japan,RB,20,37,100.0,99.82905263157895,0.72,0.469,84.9
Japan_4,Player_4,Japan,CB,22,24,100.0,100.0,0.72,0.195,86.6
Japan_5,Player_5,Japan,CM,26,33,100.0,100.0,0.72,0.118,84.8
Japan_6,Player_6,Japan,LM,31,27,100.0,98.65557894736843,0.72,0.462,84.3
Japan_7,Player_7,Japan,RM,36,29,100.0,100.0,0.72,0.198,87.1
Japan_8,Player_8,Japan,AM,33,34,100.0,100.0,0.72,0.02,85.8
Japan_9,Player_9,Japan,ST,33,36,91.36124451342013,87.98334977657802,0.72,0.77,78.2
Japan_10,Player_10,Japan,LW,34,32,96.86333333333333,99.10564912280701,0.72,0.288,88.1
Japan_11,Player_11,Japan,RW,35,15,100.0,100.0,0.58,0.203,85.9
Japan_12,Player_12,Japan,FW,19,13,98.97565217052156,94.89796795999524,0.58,0.203,75.7
Japan_13,Player_13,Japan,ST,29,12,100.0,99.87536842105263,0.58,0.014,82.5
Japan_14,Player_14,Japan,LW,36,19,98.42687472887728,98.71487472887728,0.58,0.239,84.9
Japan_15,Player_15,Japan,RW,31,8,100.0,96.03957894736843,0.58,0.129,78.2
Japan_16,Player_16,Japan,FW,24,18,100.0,97.56505263157895,0.58,0.037,80.4
Japan_17,Player_17,Japan,ST,21,18,100.0,98.52105263157895,0.58,0.14,83.3
Japan_18,Player_18,Japan,LW,34,7,97.07333333333334,98.73396491228071,0.58,0.119,86.6
Japan_19,Player_19,Japan,RW,35,17,100.0,97.06210526315789,0.58,0.155,78.6
Japan_20,Player_20,Japan,FW,20,12,100.0,99.09536842105263,0.58,0.229,84.3
Japan_21,Player_21,Japan,ST,33,9,98.92241182083406,100.0,0.58,0.206,86.7
Japan_22,Player_22,Japan,LW,23,9,100.0,96.29052631578948,0.58,0.31,76.4
South_Korea_0,Player_0,South Korea,GK,28,26,100.0,100.0,0.72,0.293,82.5
South_Korea_1,Player_1,South Korea,CB,34,15,100.0,95.1482105263158,0.72,0.192,77.1
South_Korea_2,Player_2,South Korea,LB,32,32,96.98785764689666,97.45017343637033,0.72,0.253,86.6
South_Korea_3,Player_3,South Korea,RB,22,18,98.71351972312907,93.47857235470802,0.72,0.487,78.4
South_Korea_4,Player_4,South Korea,CB,36,26,98.19966554488931,99.32029712383668,0.72,0.329,87.7
South_Korea_5,Player_5,South Korea,CM,28,17,100.0,96.9381052631579,0.72,0.408,81.4
South_Korea_6,Player_6,South Korea,LM,32,27,95.21555555555555,97.45513450292397,0.72,0.394,88.2
South_Korea_7,Player_7,South Korea,RM,24,21,98.84118658119844,100.0,0.72,0.212,87.9
South_Korea_8,Player_8,South Korea,AM,19,15,98.6650466094409,100.0,0.72,0.109,93.3
South_Korea_9,Player_9,South Korea,ST,28,35,76.64,75.78315789473685,0.72,0.64,81.7
South_Korea_10,Player_10,South Korea,LW,33,37,97.34122715592726,96.2422797875062,0.72,0.34,78.3
South_Korea_11,Player_11,South Korea,RW,33,9,100.0,96.97852631578948,0.58,0.264,79.9
South_Korea_12,Player_12,South Korea,FW,32,12,98.88554392677548,99.42491234782811,0.58,0.061,84.9
South_Korea_13,Player_13,South Korea,ST,35,14,100.0,97.25726315789474,0.58,0.486,79.5
South_Korea_14,Player_14,South Korea,LW,23,6,99.21456993622617,99.86825414675249,0.58,0.1,83.7
South_Korea_15,Player_15,South Korea,RW,30,19,91.49842491813807,92.34242491813806,0.58,0.237,83.2
South_Korea_16,Player_16,South Korea,FW,31,15,97.07362467788589,95.84583520420168,0.58,0.394,84.2
South_Korea_17,Player_17,South Korea,ST,28,11,98.46213546289886,96.33855651553044,0.58,0.254,78.7
South_Korea_18,Player_18,South Korea,LW,35,17,98.41666666666667,92.84677192982457,0.58,0.404,73.9
South_Korea_19,Player_19,South Korea,RW,22,19,94.60084908897367,92.40084908897367,0.58,0.31,81.3
South_Korea_20,Player_20,South Korea,FW,36,12,100.0,99.85136842105263,0.58,0.282,83.0
South_Korea_21,Player_21,South Korea,ST,29,7,98.95555555555555,94.32418713450292,0.58,0.533,77.9
South_Korea_22,Player_22,South Korea,LW,33,15,100.0,100.0,0.58,0.061,84.5
Australia_0,Player_0,Australia,GK,29,26,100.0,98.86863157894737,0.72,0.243,84.1
Australia_1,Player_1,Australia,CB,34,15,97.23886965467356,92.87108018098935,0.72,0.439,77.0
Australia_2,Player_2,Australia,LB,22,18,100.0,99.18105263157895,0.72,0.365,83.5
Australia_3,Player_3,Australia,RB,34,37,96.75939430740281,100.0,0.72,0.049,89.4
Australia_4,Player_4,Australia,CB,26,26,95.97664313004879,89.74127470899616,0.72,0.266,74.0
Australia_5,Player_5,Australia,CM,20,17,98.56144184139573,95.53154710455362,0.72,0.564,81.8
Australia_6,Player_6,Australia,LM,25,31,91.67499616283038,92.00636458388301,0.72,0.112,84.9
Australia_7,Player_7,Australia,RM,27,30,100.0,100.0,0.72,0.232,88.1
Australia_8,Player_8,Australia,AM,24,21,100.0,92.9658947368421,0.72,0.519,73.3
Australia_9,Player_9,Australia,ST,20,35,100.0,100.0,0.72,0.268,85.9
Australia_10,Player_10,Australia,LW,27,33,100.0,98.37726315789473,0.72,0.151,80.8
Australia_11,Player_11,Australia,RW,32,11,97.92073387968414,99.06515493231572,0.58,0.098,85.8
Australia_12,Player_12,Australia,FW,29,9,98.19796033397702,94.2524866497665,0.58,0.467,76.4
Australia_13,Player_13,Australia,ST,30,19,100.0,93.916,0.58,0.478,75.8
Australia_14,Player_14,Australia,LW,25,13,98.12978720363067,97.81610299310435,0.58,0.105,84.9
Australia_15,Player_15,Australia,RW,24,18,98.62222128249732,95.34727391407627,0.58,0.407,77.4
Australia_16,Player_16,Australia,FW,36,8,100.0,90.84757894736842,0.58,0.283,69.5
Australia_17,Player_17,Australia,ST,27,8,99.20018366305789,99.6997626104263,0.58,0.269,85.2
Australia_18,Player_18,Australia,LW,31,19,100.0,93.488,0.58,0.659,74.3
Australia_19,Player_19,Australia,RW,35,12,98.05961927537122,96.23098769642385,0.58,0.167,81.5
Australia_20,Player_20,Australia,FW,33,12,94.51084709118476,95.70621551223739,0.58,0.014,84.5
Australia_21,Player_21,Australia,ST,22,18,91.22326965961044,84.66032229118939,0.58,0.403,73.7
Australia_22,Player_22,Australia,LW,21,15,100.0,98.4522105263158,0.58,0.214,83.3
Iran_0,Player_0,Iran,GK,35,29,100.0,98.39347368421052,0.72,0.222,80.9
Iran_1,Player_1,Iran,CB,19,28,97.19552610636336,94.83005242215283,0.72,0.587,81.8
Iran_2,Player_2,Iran,LB,26,26,96.81407184591076,93.97870342485813,0.72,0.471,82.0
Iran_3,Player_3,Iran,RB,23,32,97.7,95.67431578947368,0.72,0.364,80.6
Iran_4,Player_4,Iran,CB,23,23,95.46,95.1237894736842,0.72,0.209,84.0
Iran_5,Player_5,Iran,CM,19,23,100.0,96.33578947368422,0.72,0.365,79.3
Iran_6,Player_6,Iran,LM,35,20,100.0,96.86694736842105,0.72,0.314,77.4
Iran_7,Player_7,Iran,RM,25,16,98.6648922806393,94.22805017537614,0.72,0.21,74.0
Iran_8,Player_8,Iran,AM,34,21,100.0,95.90189473684211,0.72,0.282,77.2
Iran_9,Player_9,Iran,ST,29,17,100.0,100.0,0.72,0.175,83.5
Iran_10,Player_10,Iran,LW,29,27,97.70387962151148,92.83945856887989,0.72,0.482,77.8
Iran_11,Player_11,Iran,RW,36,10,96.60790672410174,95.51338040831226,0.58,0.173,83.8
Iran_12,Player_12,Iran,FW,34,7,98.79864022265134,94.92327180159872,0.58,0.421,78.9
Iran_13,Player_13,Iran,ST,27,12,98.18114012018752,96.34850854124015,0.58,0.15,79.0
Iran_14,Player_14,Iran,LW,34,10,100.0,95.79747368421053,0.58,0.119,77.8
Iran_15,Player_15,Iran,RW,22,13,97.800115546621,94.47843133609469,0.58,0.276,78.2
Iran_16,Player_16,Iran,FW,27,5,98.81834600121715,97.50908284332242,0.58,0.103,79.5
Iran_17,Player_17,Iran,ST,25,5,100.0,100.0,0.58,0.188,84.4
Iran_18,Player_18,Iran,LW,19,13,99.17898685980687,97.90930264928055,0.58,0.312,82.6
Iran_19,Player_19,Iran,RW,21,10,99.07555555555555,100.0,0.58,0.162,88.6
Iran_20,Player_20,Iran,FW,23,17,100.0,99.8101052631579,0.58,0.139,84.0
Iran_21,Player_21,Iran,ST,31,16,100.0,97.30715789473685,0.58,0.067,78.8
Iran_22,Player_22,Iran,LW,28,15,100.0,95.2882105263158,0.58,0.562,75.5
Saudi_Arabia_0,Player_0,Saudi Arabia,GK,20,28,100.0,100.0,0.72,0.079,86.4
Saudi_Arabia_1,Player_1,Saudi Arabia,CB,22,17,97.65710308784357,98.70320835100146,0.72,0.172,82.1
Saudi_Arabia_2,Player_2,Saudi Arabia,LB,25,26,95.16481569719147,96.23344727613885,0.72,0.263,87.5
Saudi_Arabia_3,Player_3,Saudi Arabia,RB,20,30,95.7088888888889,90.66130994152047,0.72,0.702,79.2
Saudi_Arabia_4,Player_4,Saudi Arabia,CB,30,27,96.1228485613929,94.74642750876131,0.72,0.341,81.5
Saudi_Arabia_5,Player_5,Saudi Arabia,CM,34,26,100.0,100.0,0.72,0.32,88.5
Saudi_Arabia_6,Player_6,Saudi Arabia,LM,27,25,96.51994973294484,99.32163394347116,0.72,0.459,86.7
Saudi_Arabia_7,Player_7,Saudi Arabia,RM,25,26,100.0,100.0,0.72,0.216,87.9
Saudi_Arabia_8,Player_8,Saudi Arabia,AM,29,23,96.28,95.07978947368422,0.72,0.547,83.3
Saudi_Arabia_9,Player_9,Saudi Arabia,ST,24,23,100.0,100.0,0.72,0.129,89.2
Saudi_Arabia_10,Player_10,Saudi Arabia,LW,23,30,100.0,95.97242105263157,0.72,0.487,77.8
Saudi_Arabia_11,Player_11,Saudi Arabia,RW,20,17,96.4829471237775,92.9330523869354,0.58,0.734,78.9
Saudi_Arabia_12,Player_12,Saudi Arabia,FW,22,5,98.05777777777777,97.09651461988304,0.58,0.157,80.2
Saudi_Arabia_13,Player_13,Saudi Arabia,ST,26,11,97.74510759247921,93.2455286451108,0.58,0.521,75.7
Saudi_Arabia_14,Player_14,Saudi Arabia,LW,31,18,98.27333333333333,97.59838596491227,0.58,0.112,83.2
Saudi_Arabia_15,Player_15,Saudi Arabia,RW,30,13,98.33578509013233,99.41410087960602,0.58,0.106,87.0
Saudi_Arabia_16,Player_16,Saudi Arabia,FW,19,12,97.88,97.10336842105262,0.58,0.203,83.2
Saudi_Arabia_17,Player_17,Saudi Arabia,ST,31,9,98.78574261727334,96.29626893306282,0.58,0.205,74.3
Saudi_Arabia_18,Player_18,Saudi Arabia,LW,35,8,100.0,95.64757894736842,0.58,0.518,78.4
Saudi_Arabia_19,Player_19,Saudi Arabia,RW,24,17,96.22034289558609,100.0,0.58,0.316,92.0
Saudi_Arabia_20,Player_20,Saudi Arabia,FW,36,18,94.87868557978686,94.98773821136581,0.58,0.119,85.7
Saudi_Arabia_21,Player_21,Saudi Arabia,ST,22,8,99.55687119265454,96.32845014002297,0.58,0.415,77.3
Saudi_Arabia_22,Player_22,Saudi Arabia,LW,35,5,99.0375199802659,99.47225682237116,0.58,0.07,84.6
United_Arab_Emirates_0,Player_0,United Arab Emirates,GK,31,34,100.0,99.82821052631579,0.72,0.507,86.2
United_Arab_Emirates_1,Player_1,United Arab Emirates,CB,22,34,100.0,100.0,0.72,0.128,83.3
United_Arab_Emirates_2,Player_2,United Arab Emirates,LB,23,36,95.9616346052235,95.30773986838139,0.72,0.232,82.5
United_Arab_Emirates_3,Player_3,United Arab Emirates,RB,26,30,100.0,98.08442105263158,0.72,0.098,79.0
United_Arab_Emirates_4,Player_4,United Arab Emirates,CB,24,16,100.0,97.87115789473684,0.72,0.474,80.5
United_Arab_Emirates_5,Player_5,United Arab Emirates,CM,33,16,100.0,100.0,0.72,0.232,84.6
United_Arab_Emirates_6,Player_6,United Arab Emirates,LM,34,25,100.0,100.0,0.72,0.361,85.3
United_Arab_Emirates_7,Player_7,United Arab Emirates,RM,34,20,100.0,100.0,0.72,0.022,84.9
United_Arab_Emirates_8,Player_8,United Arab Emirates,AM,35,31,100.0,100.0,0.72,0.123,92.2
United_Arab_Emirates_9,Player_9,United Arab Emirates,ST,36,23,97.86054459725395,97.35233407093816,0.72,0.288,85.1
United_Arab_Emirates_10,Player_10,United Arab Emirates,LW,21,32,96.7092109211541,97.53952671062778,0.72,0.267,87.2
United_Arab_Emirates_11,Player_11,United Arab Emirates,RW,36,11,98.40785974757175,95.74028080020332,0.58,0.192,80.3
United_Arab_Emirates_12,Player_12,United Arab Emirates,FW,36,9,100.0,97.32252631578947,0.58,0.311,80.5
United_Arab_Emirates_13,Player_13,United Arab Emirates,ST,29,7,97.38444209686796,95.14907367581533,0.58,0.646,83.0
United_Arab_Emirates_14,Player_14,United Arab Emirates,LW,32,13,98.49307688187133,95.87539267134501,0.58,0.108,79.0
United_Arab_Emirates_15,Player_15,United Arab Emirates,RW,21,5,100.0,97.51073684210526,0.58,0.068,79.0
United_Arab_Emirates_16,Player_16,United Arab Emirates,FW,35,14,100.0,98.83726315789474,0.58,0.361,81.7
United_Arab_Emirates_17,Player_17,United Arab Emirates,ST,33,18,98.9642603462179,98.68531297779684,0.58,0.295,85.4
United_Arab_Emirates_18,Player_18,United Arab Emirates,LW,22,5,99.68176540519508,95.49650224730034,0.58,0.3,79.4
United_Arab_Emirates_19,Player_19,United Arab Emirates,RW,25,7,100.0,100.0,0.58,0.254,86.1
United_Arab_Emirates_20,Player_20,United Arab Emirates,FW,32,14,100.0,98.25326315789474,0.58,0.424,83.4
United_Arab_Emirates_21,Player_21,United Arab Emirates,ST,34,16,97.1191220727729,96.30627996750974,0.58,0.107,82.9
United_Arab_Emirates_22,Player_22,United Arab Emirates,LW,20,10,99.31806872541803,93.91554240962856,0.58,0.239,75.0
Mexico_0,Player_0,Mexico,GK,36,22,100.0,97.04084210526315,0.72,0.317,79.0
Mexico_1,Player_1,Mexico,CB,24,25,100.0,96.10568421052632,0.72,0.576,78.1
Mexico_2,Player_2,Mexico,LB,29,26,97.79653979645714,97.2531713754045,0.72,0.157,84.8
Mexico_3,Player_3,Mexico,RB,33,16,100.0,96.07915789473684,0.72,0.268,78.6
Mexico_4,Player_4,Mexico,CB,32,22,97.55454883536187,93.57939094062503,0.72,0.479,77.8
Mexico_5,Player_5,Mexico,CM,34,24,100.0,99.98273684210527,0.72,0.504,85.1
Mexico_6,Player_6,Mexico,LM,31,18,97.01636783373007,93.46142046530902,0.72,0.552,81.0
Mexico_7,Player_7,Mexico,RM,34,30,100.0,100.0,0.72,0.185,88.2
Mexico_8,Player_8,Mexico,AM,25,32,100.0,100.0,0.72,0.164,86.1
Mexico_9,Player_9,Mexico,ST,21,21,90.90818817678587,88.54608291362797,0.72,0.425,81.3
Mexico_10,Player_10,Mexico,LW,34,15,97.71847326890159,94.23468379521738,0.72,0.096,77.7
Mexico_11,Player_11,Mexico,RW,25,16,100.0,100.0,0.58,0.061,88.5
Mexico_12,Player_12,Mexico,FW,26,12,98.91457161984552,97.62994004089815,0.58,0.169,82.3
Mexico_13,Player_13,Mexico,ST,20,9,100.0,98.29452631578947,0.58,0.387,82.1
Mexico_14,Player_14,Mexico,LW,28,6,100.0,95.46568421052632,0.58,0.366,75.3
Mexico_15,Player_15,Mexico,RW,21,13,98.86187538677447,95.25619117624815,0.58,0.124,77.5
Mexico_16,Player_16,Mexico,FW,33,7,100.0,100.0,0.58,0.077,87.2
Mexico_17,Player_17,Mexico,ST,35,9,98.78122921138542,95.3517555271749,0.58,0.505,81.0
Mexico_18,Player_18,Mexico,LW,27,16,100.0,94.17115789473684,0.58,0.304,77.1
Mexico_19,Player_19,Mexico,RW,36,11,99.28674811313631,94.36316916576789,0.58,0.494,77.5
Mexico_20,Player_20,Mexico,FW,31,16,100.0,95.39115789473684,0.58,0.664,78.4
Mexico_21,Player_21,Mexico,ST,29,13,100.0,96.17431578947368,0.58,0.449,79.1
Mexico_22,Player_22,Mexico,LW,32,17,97.11944491389349,97.88955017705138,0.58,0.119,85.4
United_States_0,Player_0,United States,GK,24,15,100.0,100.0,0.72,0.191,85.6
United_States_1,Player_1,United States,CB,29,15,100.0,97.2082105263158,0.72,0.327,79.2
United_States_2,Player_2,United States,LB,25,24,95.85733351757658,89.64007035968184,0.72,0.699,76.1
United_States_3,Player_3,United States,RB,33,17,98.35354735133559,89.8436526144935,0.72,0.429,70.8
United_States_4,Player_4,United States,CB,27,35,87.7420198978542,87.34117779259105,0.72,0.103,83.8
United_States_5,Player_5,United States,CM,33,17,95.60300702772491,90.44911229088281,0.72,0.347,76.9
United_States_6,Player_6,United States,LM,29,30,95.23131746994457,96.48373852257615,0.72,0.182,86.4
United_States_7,Player_7,United States,RM,28,36,96.75935431642877,95.90145957958667,0.72,0.185,82.0
United_States_8,Player_8,United States,AM,34,20,100.0,100.0,0.72,0.145,85.0
United_States_9,Player_9,United States,ST,23,26,96.75359420015243,96.4462257790998,0.72,0.15,83.9
United_States_10,Player_10,United States,LW,34,32,100.0,100.0,0.72,0.226,86.8
United_States_11,Player_11,United States,RW,35,13,98.54115308915377,95.43146887862746,0.58,0.432,80.1
United_States_12,Player_12,United States,FW,34,12,98.20086216918801,97.96823059024065,0.58,0.11,83.8
United_States_13,Player_13,United States,ST,26,9,100.0,97.99452631578947,0.58,0.172,80.0
United_States_14,Player_14,United States,LW,36,9,100.0,96.32652631578948,0.58,0.353,75.3
United_States_15,Player_15,United States,RW,22,5,100.0,97.95473684210526,0.58,0.165,81.1
United_States_16,Player_16,United States,FW,34,19,98.45783707335056,98.20983707335056,0.58,0.196,82.8
United_States_17,Player_17,United States,ST,23,13,95.05496657690207,93.44928236637575,0.58,0.059,80.4
United_States_18,Player_18,United States,LW,33,18,100.0,100.0,0.58,0.322,87.9
United_States_19,Player_19,United States,RW,26,16,100.0,98.47115789473685,0.58,0.409,83.7
United_States_20,Player_20,United States,FW,35,8,99.30567566097957,98.881254608348,0.58,0.132,83.5
United_States_21,Player_21,United States,ST,23,16,98.54757864317438,94.90673653791121,0.58,0.673,77.3
United_States_22,Player_22,United States,LW,33,13,99.16234371426474,100.0,0.58,0.407,90.8
Canada_0,Player_0,Canada,GK,31,35,100.0,98.94715789473685,0.72,0.087,81.5
Canada_1,Player_1,Canada,CB,25,37,100.0,94.63305263157895,0.72,0.491,70.9
Canada_2,Player_2,Canada,LB,21,32,98.22477726263031,97.051093052104,0.72,0.1,82.6
Canada_3,Player_3,Canada,RB,36,18,96.68254936342468,96.94760199500364,0.72,0.277,85.0
Canada_4,Player_4,Canada,CB,19,29,96.9230953699839,96.21256905419442,0.72,0.39,83.9
Canada_5,Player_5,Canada,CM,23,15,98.68665488078672,96.29886540710251,0.72,0.579,80.3
Canada_6,Player_6,Canada,LM,31,34,92.64833052801897,95.28854105433476,0.72,0.328,88.8
Canada_7,Player_7,Canada,RM,19,33,97.0453955268001,96.90265868469484,0.72,0.136,84.2
Canada_8,Player_8,Canada,AM,20,18,100.0,100.0,0.72,0.099,86.7
Canada_9,Player_9,Canada,ST,34,33,96.46456172962024,92.49382488751498,0.72,0.272,77.5
Canada_10,Player_10,Canada,LW,28,15,100.0,97.5562105263158,0.72,0.316,80.9
Canada_11,Player_11,Canada,RW,31,14,98.90526427024432,94.01452742813905,0.58,0.207,75.8
Canada_12,Player_12,Canada,FW,23,10,98.95561630372852,100.0,0.58,0.064,90.9
Canada_13,Player_13,Canada,ST,32,8,98.97436512332797,97.1419440706964,0.58,0.063,81.2
Canada_14,Player_14,Canada,LW,36,7,99.22781943914089,100.0,0.58,0.148,88.0
Canada_15,Player_15,Canada,RW,22,11,100.0,96.50042105263158,0.58,0.221,80.3
Canada_16,Player_16,Canada,FW,30,16,100.0,100.0,0.58,0.26,88.4
Canada_17,Player_17,Canada,ST,35,17,97.35225971068333,94.10636497384122,0.58,0.256,80.9
Canada_18,Player_18,Canada,LW,32,14,100.0,100.0,0.58,0.099,88.3
Canada_19,Player_19,Canada,RW,36,17,90.08666666666667,91.52877192982457,0.58,0.355,88.1
Canada_20,Player_20,Canada,FW,23,16,100.0,94.41115789473685,0.58,0.534,75.4
Canada_21,Player_21,Canada,ST,22,18,94.22666666666666,92.22371929824561,0.58,0.218,80.2
Canada_22,Player_22,Canada,LW,20,16,98.90117173343955,98.03632962817639,0.58,0.091,82.8
Costa_Rica_0,Player_0,Costa Rica,GK,21,16,100.0,98.47115789473685,0.72,0.359,83.7
Costa_Rica_1,Player_1,Costa Rica,CB,29,15,99.14783046371748,98.44404099003327,0.72,0.101,84.4
Costa_Rica_2,Player_2,Costa Rica,LB,35,24,96.41526623602729,93.95800307813255,0.72,0.349,82.3
Costa_Rica_3,Player_3,Costa Rica,RB,20,32,96.33403418444553,95.71634997391921,0.72,0.303,82.6
Costa_Rica_4,Player_4,Costa Rica,CB,23,25,98.46396189498417,98.10164610551048,0.72,0.317,82.9
Costa_Rica_5,Player_5,Costa Rica,CM,32,17,94.7840515021287,91.2901567652866,0.72,0.257,80.5
Costa_Rica_6,Player_6,Costa Rica,LM,19,28,96.96351447842417,95.91404079421365,0.72,0.505,83.6
Costa_Rica_7,Player_7,Costa Rica,RM,36,24,100.0,99.46273684210526,0.72,0.154,84.8
Costa_Rica_8,Player_8,Costa Rica,AM,29,25,100.0,100.0,0.72,0.15,83.7
Costa_Rica_9,Player_9,Costa Rica,ST,32,22,100.0,100.0,0.72,0.019,83.1
Costa_Rica_10,Player_10,Costa Rica,LW,26,26,95.83489919382988,95.39953077277725,0.72,0.211,81.4
Costa_Rica_11,Player_11,Costa Rica,RW,31,9,99.06362398780024,95.55015030358972,0.58,0.353,79.3
Costa_Rica_12,Player_12,Costa Rica,FW,20,12,96.8164481362579,92.57981655731054,0.58,0.648,77.6
Costa_Rica_13,Player_13,Costa Rica,ST,35,19,91.78780635290656,90.73980635290656,0.58,0.271,81.7
Costa_Rica_14,Player_14,Costa Rica,LW,19,5,100.0,94.50273684210526,0.58,0.504,72.8
Costa_Rica_15,Player_15,Costa Rica,RW,23,10,100.0,100.0,0.58,0.034,89.6
Costa_Rica_16,Player_16,Costa Rica,FW,36,12,98.27630988467368,98.1396783057263,0.58,0.333,85.6
Costa_Rica_17,Player_17,Costa Rica,ST,27,17,100.0,94.8101052631579,0.58,0.519,76.0
Costa_Rica_18,Player_18,Costa Rica,LW,19,15,100.0,98.0682105263158,0.58,0.407,80.6
Costa_Rica_19,Player_19,Costa Rica,RW,32,9,100.0,94.93852631578947,0.58,0.334,78.2
Costa_Rica_20,Player_20,Costa Rica,FW,26,8,99.5840200089688,99.04759895633723,0.58,0.181,82.2
Costa_Rica_21,Player_21,Costa Rica,ST,23,7,99.13901245986239,100.0,0.58,0.277,87.6
Costa_Rica_22,Player_22,Costa Rica,LW,22,7,98.56001908306153,92.1686506620089,0.58,0.198,72.2
New_Zealand_0,Player_0,New Zealand,GK,24,35,100.0,97.76715789473684,0.72,0.272,82.6
New_Zealand_1,Player_1,New Zealand,CB,19,22,100.0,100.0,0.72,0.244,87.0
New_Zealand_2,Player_2,New Zealand,LB,23,19,98.46840219333728,93.35240219333728,0.72,0.287,78.2
New_Zealand_3,Player_3,New Zealand,RB,20,22,100.0,100.0,0.72,0.24,86.7
New_Zealand_4,Player_4,New Zealand,CB,36,16,96.54879960898668,93.05595750372352,0.72,0.392,80.8
New_Zealand_5,Player_5,New Zealand,CM,26,23,98.2085322147032,97.7443216883874,0.72,0.16,82.4
New_Zealand_6,Player_6,New Zealand,LM,29,35,100.0,100.0,0.72,0.513,84.4
New_Zealand_7,Player_7,New Zealand,RM,25,22,100.0,98.79684210526315,0.72,0.14,81.3
New_Zealand_8,Player_8,New Zealand,AM,34,30,100.0,98.80442105263158,0.72,0.123,81.3
New_Zealand_9,Player_9,New Zealand,ST,26,28,100.0,98.07052631578948,0.72,0.27,80.5
New_Zealand_10,Player_10,New Zealand,LW,27,22,100.0,95.73284210526316,0.72,0.468,77.3
New_Zealand_11,Player_11,New Zealand,RW,36,12,99.02871172427473,96.50808014532736,0.58,0.481,81.1
New_Zealand_12,Player_12,New Zealand,FW,28,13,100.0,100.0,0.58,0.123,87.8
New_Zealand_13,Player_13,New Zealand,ST,26,13,96.73348486088666,93.11580065036034,0.58,0.408,80.6
New_Zealand_14,Player_14,New Zealand,LW,27,8,96.85333333333334,96.46091228070176,0.58,0.108,82.2
New_Zealand_15,Player_15,New Zealand,RW,33,16,98.98783815947472,96.39099605421156,0.58,0.555,81.2
New_Zealand_16,Player_16,New Zealand,FW,23,11,100.0,99.60442105263158,0.58,0.568,83.2
New_Zealand_17,Player_17,New Zealand,ST,32,9,97.64834367902253,95.186869994812,0.58,0.014,80.2
New_Zealand_18,Player_18,New Zealand,LW,33,18,94.00888888888889,94.11394152046783,0.58,0.237,85.9
New_Zealand_19,Player_19,New Zealand,RW,34,9,100.0,99.32652631578948,0.58,0.143,81.9
New_Zealand_20,Player_20,New Zealand,FW,24,7,100.0,95.30863157894737,0.58,0.388,77.6
New_Zealand_21,Player_21,New Zealand,ST,27,13,100.0,99.92631578947369,0.58,0.19,84.2
New_Zealand_22,Player_22,New Zealand,LW,32,6,100.0,96.47368421052632,0.58,0.53,79.6
